latitude,longitude,bright_ti4,scan,track,acq_date,acq_time,satellite,instrument,confidence,version,bright_ti5,frp,daynight
8.57232,80.63769,330.12,0.51,0.66,2026-08-24,718,N20,VIIRS,n,2.0NRT,284.82,5.38,D
8.64573,80.44996,329.18,0.52,0.67,2026-08-24,718,N20,VIIRS,n,2.0NRT,284.62,3.05,D
8.64628,80.44923,329.25,0.52,0.67,2026-08-24,718,N20,VIIRS,n,2.0NRT,283.85,3.77,D
9.14568,80.51594,330.96,0.51,0.66,2026-08-24,718,N20,VIIRS,n,2.0NRT,288.23,4.87,D
20.95841,94.86646,332.96,0.43,0.46,2026-08-24,720,N20,VIIRS,n,2.0NRT,287.09,6.36,D
28.78677,80.20897,340.9,0.44,0.46,2026-08-24,724,N20,VIIRS,n,2.0NRT,290.16,3.79,D
28.79093,80.20787,333.93,0.44,0.46,2026-08-24,724,N20,VIIRS,n,2.0NRT,289.65,3.79,D
29.44623,71.34816,330.18,0.7,0.75,2026-08-24,724,N20,VIIRS,n,2.0NRT,291.13,4.94,D
29.44842,71.34847,331.34,0.7,0.75,2026-08-24,724,N20,VIIRS,n,2.0NRT,291.57,3.39,D
32.00023,78.53627,343.6,0.47,0.48,2026-08-24,724,N20,VIIRS,n,2.0NRT,309.57,8.91,D
24.86607,68.06541,343.44,0.39,0.44,2026-08-24,905,N20,VIIRS,n,2.0NRT,301.56,3.87,D
24.86664,68.06484,343.5,0.4,0.44,2026-08-24,905,N20,VIIRS,n,2.0NRT,301.59,4.56,D
30.81013,71.99578,335.36,0.4,0.6,2026-08-24,905,N20,VIIRS,n,2.0NRT,295.97,3.13,D
33.29322,71.18797,332.85,0.38,0.59,2026-08-24,905,N20,VIIRS,n,2.0NRT,301.27,3.16,D
31.64338,72.19141,335.59,0.42,0.61,2026-08-24,907,N20,VIIRS,n,2.0NRT,297.43,3.78,D
31.64609,72.19376,330.53,0.42,0.61,2026-08-24,907,N20,VIIRS,n,2.0NRT,297.71,2.41,D
22.3584,87.29185,309.63,0.4,0.37,2026-08-24,1949,N20,VIIRS,n,2.0NRT,292.17,1.39,N
22.35897,87.28802,314.13,0.4,0.37,2026-08-24,1949,N20,VIIRS,n,2.0NRT,291.69,1.39,N
22.36395,87.30066,327.09,0.4,0.37,2026-08-24,1949,N20,VIIRS,n,2.0NRT,292.72,2.36,N
22.36729,87.30124,307.56,0.4,0.37,2026-08-24,1949,N20,VIIRS,n,2.0NRT,292.01,2.36,N
22.37741,87.27945,342.9,0.4,0.37,2026-08-24,1949,N20,VIIRS,n,2.0NRT,295.02,3.79,N
22.37798,87.27563,312.37,0.4,0.37,2026-08-24,1949,N20,VIIRS,n,2.0NRT,291.75,3.79,N
23.55629,87.24419,306.97,0.4,0.37,2026-08-24,1949,N20,VIIRS,n,2.0NRT,287.04,2.3,N
23.55686,87.24026,330.3,0.4,0.37,2026-08-24,1949,N20,VIIRS,n,2.0NRT,287.55,2.3,N
23.56024,87.24084,317.79,0.4,0.37,2026-08-24,1949,N20,VIIRS,n,2.0NRT,285.5,2.15,N
23.65687,85.50671,300.76,0.46,0.39,2026-08-24,1949,N20,VIIRS,n,2.0NRT,289.06,0.68,N
23.65765,85.50914,301.62,0.46,0.39,2026-08-24,1949,N20,VIIRS,n,2.0NRT,289.07,1.35,N
23.66972,84.99499,300.78,0.49,0.4,2026-08-24,1949,N20,VIIRS,n,2.0NRT,288.22,1.35,N
23.68914,87.10023,300.3,0.41,0.37,2026-08-24,1949,N20,VIIRS,n,2.0NRT,277.44,0.92,N
23.75644,85.85175,306.19,0.45,0.39,2026-08-24,1949,N20,VIIRS,n,2.0NRT,289.93,1.51,N
23.7594,85.85674,309.62,0.45,0.39,2026-08-24,1949,N20,VIIRS,n,2.0NRT,290.4,1.51,N
23.76,85.85234,302.56,0.45,0.39,2026-08-24,1949,N20,VIIRS,n,2.0NRT,289.08,1.51,N
23.80593,86.32925,301.64,0.43,0.38,2026-08-24,1949,N20,VIIRS,n,2.0NRT,287.99,1.14,N
15.17738,76.65565,301.94,0.42,0.61,2026-08-24,1951,N20,VIIRS,n,2.0NRT,280.24,2.18,N
15.17784,76.65171,302.12,0.42,0.61,2026-08-24,1951,N20,VIIRS,n,2.0NRT,278.92,1.57,N
15.17831,76.67545,302.22,0.42,0.61,2026-08-24,1951,N20,VIIRS,n,2.0NRT,280.88,1.34,N
15.17959,76.6636,300.38,0.42,0.61,2026-08-24,1951,N20,VIIRS,n,2.0NRT,279.65,1.44,N
15.18214,76.66415,322.33,0.42,0.61,2026-08-24,1951,N20,VIIRS,n,2.0NRT,279.71,3.62,N
15.18397,76.67608,307.12,0.42,0.61,2026-08-24,1951,N20,VIIRS,n,2.0NRT,280.32,1.58,N
15.18525,76.66425,317.21,0.42,0.61,2026-08-24,1951,N20,VIIRS,n,2.0NRT,279.86,2.67,N
15.18643,76.67658,305.01,0.42,0.61,2026-08-24,1951,N20,VIIRS,n,2.0NRT,280.13,2.84,N
15.18871,76.6569,301.81,0.42,0.61,2026-08-24,1951,N20,VIIRS,n,2.0NRT,280.75,2.33,N
17.60995,83.20184,302.24,0.52,0.41,2026-08-24,1951,N20,VIIRS,n,2.0NRT,282.89,2.91,N
31.25751,76.92367,302.19,0.4,0.6,2026-08-24,2127,N20,VIIRS,n,2.0NRT,288.38,0.81,N
32.09037,74.16152,307.69,0.53,0.5,2026-08-24,2127,N20,VIIRS,n,2.0NRT,295.83,2.44,N
32.29195,70.73803,307.89,0.52,0.41,2026-08-24,2127,N20,VIIRS,n,2.0NRT,296.41,2,N
32.29299,70.73278,310,0.52,0.41,2026-08-24,2127,N20,VIIRS,n,2.0NRT,296.81,2,N
32.89028,71.61712,318.66,0.56,0.43,2026-08-24,2127,N20,VIIRS,n,2.0NRT,298.91,4.21,N
33.29638,71.18524,313.1,0.52,0.42,2026-08-24,2127,N20,VIIRS,n,2.0NRT,296.96,1.21,N
33.54535,71.55087,307.33,0.54,0.42,2026-08-24,2127,N20,VIIRS,n,2.0NRT,296.68,0.81,N
33.90976,71.46368,309.72,0.53,0.42,2026-08-24,2127,N20,VIIRS,n,2.0NRT,295.96,1.12,N
35.96545,68.6872,304.67,0.4,0.37,2026-08-24,2127,N20,VIIRS,n,2.0NRT,293.74,1.46,N
24.68919,73.00189,304.95,0.32,0.55,2026-08-24,2129,N20,VIIRS,n,2.0NRT,290.34,0.68,N
24.82048,73.09338,302.31,0.33,0.55,2026-08-24,2129,N20,VIIRS,n,2.0NRT,286.88,0.84,N
24.8207,73.09208,303.71,0.33,0.55,2026-08-24,2129,N20,VIIRS,n,2.0NRT,286.95,0.73,N
25.94493,72.19168,307.22,0.54,0.51,2026-08-24,2129,N20,VIIRS,n,2.0NRT,293.25,1.55,N
26.09461,68.88082,306.19,0.52,0.42,2026-08-24,2129,N20,VIIRS,n,2.0NRT,295.52,0.85,N
26.25711,74.09373,303.31,0.35,0.57,2026-08-24,2129,N20,VIIRS,n,2.0NRT,290.28,0.65,N
28.20507,69.49628,307.9,0.52,0.42,2026-08-24,2129,N20,VIIRS,n,2.0NRT,295.53,1.02,N
21.1045,72.63617,337.36,0.36,0.58,2026-08-24,2131,N20,VIIRS,n,2.0NRT,289.47,5.37,N
21.10742,72.64774,320.64,0.37,0.58,2026-08-24,2131,N20,VIIRS,n,2.0NRT,290.58,3.22,N
21.10818,72.64432,328.48,0.37,0.58,2026-08-24,2131,N20,VIIRS,n,2.0NRT,289.54,3.22,N
22.34236,69.87119,331,0.46,0.47,2026-08-24,2131,N20,VIIRS,n,2.0NRT,292.96,5.31,N
22.92938,70.10797,307.66,0.47,0.47,2026-08-24,2131,N20,VIIRS,n,2.0NRT,293.79,1.57,N
22.93402,69.69881,314.16,0.44,0.46,2026-08-24,2131,N20,VIIRS,n,2.0NRT,294.18,2.18,N
29.45627,76.8924,327.41,0.63,0.72,2026-08-25,705,N20,VIIRS,n,2.0NRT,281.67,4.73,D
8.33277,81.0308,326.93,0.41,0.61,2026-08-25,839,N20,VIIRS,n,2.0NRT,273.5,1.13,D
8.35598,80.23265,349.37,0.36,0.57,2026-08-25,839,N20,VIIRS,n,2.0NRT,275.31,5.31,D
8.35643,80.23595,341.37,0.36,0.57,2026-08-25,839,N20,VIIRS,n,2.0NRT,273.67,5.31,D
8.4222,80.56379,333.08,0.38,0.59,2026-08-25,839,N20,VIIRS,n,2.0NRT,273.02,3.84,D
8.66043,80.43851,332.98,0.38,0.58,2026-08-25,839,N20,VIIRS,n,2.0NRT,272.7,3.8,D
8.66442,80.46942,330.26,0.38,0.59,2026-08-25,839,N20,VIIRS,n,2.0NRT,273.41,3.42,D
14.86755,79.73705,337.02,0.41,0.61,2026-08-25,841,N20,VIIRS,n,2.0NRT,291.31,3.45,D
15.38928,75.22285,331.45,0.42,0.45,2026-08-25,841,N20,VIIRS,n,2.0NRT,297.05,3.57,D
17.08532,79.68513,332.03,0.43,0.62,2026-08-25,841,N20,VIIRS,n,2.0NRT,288.06,4.27,D
18.70882,74.45466,336.09,0.41,0.45,2026-08-25,841,N20,VIIRS,n,2.0NRT,295.12,3.57,D
19.36854,71.35598,339.9,0.44,0.38,2026-08-25,843,N20,VIIRS,n,2.0NRT,292.71,5.54,D
21.10028,72.63832,336.63,0.52,0.42,2026-08-25,843,N20,VIIRS,n,2.0NRT,288.5,6.64,D
21.10536,72.64783,332.66,0.52,0.42,2026-08-25,843,N20,VIIRS,n,2.0NRT,289.06,6.03,D
22.93576,69.1861,331.31,0.4,0.37,2026-08-25,843,N20,VIIRS,n,2.0NRT,298.51,0.9,D
24.96003,68.29343,346.04,0.39,0.36,2026-08-25,843,N20,VIIRS,n,2.0NRT,303.42,11.94,D
25.38883,68.58194,333.09,0.4,0.37,2026-08-25,843,N20,VIIRS,n,2.0NRT,302.22,1.93,D
26.09337,68.87978,331.86,0.41,0.37,2026-08-25,845,N20,VIIRS,l,2.0NRT,304.79,3.11,D
26.83839,68.12151,331.51,0.4,0.37,2026-08-25,845,N20,VIIRS,l,2.0NRT,306.09,3.38,D
28.42337,69.70033,334.43,0.45,0.39,2026-08-25,845,N20,VIIRS,l,2.0NRT,306.78,4.54,D
29.82046,72.60643,332.85,0.44,0.46,2026-08-25,845,N20,VIIRS,l,2.0NRT,303.36,3.52,D
29.94383,72.05908,331.82,0.41,0.45,2026-08-25,845,N20,VIIRS,l,2.0NRT,302.77,2.03,D
30.1649,72.4173,342.06,0.43,0.46,2026-08-25,845,N20,VIIRS,n,2.0NRT,300.61,5.26,D
30.89147,73.20195,332.29,0.49,0.49,2026-08-25,845,N20,VIIRS,l,2.0NRT,305.26,14.19,D
30.89391,73.18082,333.16,0.49,0.49,2026-08-25,845,N20,VIIRS,l,2.0NRT,307.22,11.6,D
31.02832,73.36803,330.66,0.5,0.49,2026-08-25,845,N20,VIIRS,l,2.0NRT,304.52,4.72,D
31.02979,73.37043,330.64,0.5,0.49,2026-08-25,845,N20,VIIRS,l,2.0NRT,303.71,9.86,D
31.0935,72.58533,332.53,0.46,0.47,2026-08-25,845,N20,VIIRS,n,2.0NRT,299.98,3.13,D
32.57404,72.56461,330.26,0.47,0.48,2026-08-25,845,N20,VIIRS,l,2.0NRT,303.87,2.85,D
32.88762,71.61745,336.07,0.42,0.45,2026-08-25,845,N20,VIIRS,l,2.0NRT,308.69,4.11,D
26.75963,83.19836,301.32,0.44,0.62,2026-08-25,1930,N20,VIIRS,n,2.0NRT,278.65,1.23,N
17.60567,83.19904,306.36,0.34,0.56,2026-08-25,1932,N20,VIIRS,n,2.0NRT,285.52,1.83,N
17.6105,83.20296,318.58,0.34,0.56,2026-08-25,1932,N20,VIIRS,n,2.0NRT,287.06,1.83,N
21.19596,81.41667,327.82,0.5,0.66,2026-08-25,1932,N20,VIIRS,n,2.0NRT,281.6,2.93,N
21.19639,81.41189,307.28,0.5,0.66,2026-08-25,1932,N20,VIIRS,n,2.0NRT,281.28,2.93,N
21.3352,78.96751,301.03,0.72,0.76,2026-08-25,1932,N20,VIIRS,n,2.0NRT,280.3,2.37,N
21.37752,81.67648,303.65,0.48,0.65,2026-08-25,1932,N20,VIIRS,n,2.0NRT,277.68,1.85,N
21.39248,81.64462,301.02,0.48,0.65,2026-08-25,1932,N20,VIIRS,n,2.0NRT,277.24,0.73,N
21.59307,96.22826,309.07,0.45,0.39,2026-08-25,1932,N20,VIIRS,n,2.0NRT,289.52,2.57,N
21.74762,83.84057,298.87,0.35,0.57,2026-08-25,1932,N20,VIIRS,n,2.0NRT,279.45,0.68,N
22.35725,87.29079,305.1,0.43,0.46,2026-08-25,1932,N20,VIIRS,n,2.0NRT,287.79,1.92,N
22.36469,87.30035,317.29,0.43,0.46,2026-08-25,1932,N20,VIIRS,n,2.0NRT,288.75,3.38,N
22.3689,87.30096,305.95,0.43,0.46,2026-08-25,1932,N20,VIIRS,n,2.0NRT,288.76,2.38,N
22.78875,86.20664,298.14,0.51,0.49,2026-08-25,1932,N20,VIIRS,n,2.0NRT,276.01,0.92,N
22.7893,86.20161,298.23,0.51,0.49,2026-08-25,1932,N20,VIIRS,n,2.0NRT,279.01,0.92,N
22.78985,86.19658,299.79,0.51,0.49,2026-08-25,1932,N20,VIIRS,n,2.0NRT,278.86,1.59,N
22.80134,86.09074,308.76,0.52,0.5,2026-08-25,1932,N20,VIIRS,n,2.0NRT,281.25,2.73,N
23.56146,87.23864,298.85,0.45,0.47,2026-08-25,1932,N20,VIIRS,n,2.0NRT,276.18,0.59,N
23.61165,87.14617,298.73,0.46,0.47,2026-08-25,1932,N20,VIIRS,n,2.0NRT,274.79,0.41,N
23.66496,87.15575,310.24,0.46,0.47,2026-08-25,1932,N20,VIIRS,n,2.0NRT,276.63,1.93,N
34.47186,73.85632,298.24,0.42,0.38,2026-08-25,2108,N20,VIIRS,n,2.0NRT,287.8,1.3,N
34.47445,73.86165,303.5,0.42,0.38,2026-08-25,2108,N20,VIIRS,n,2.0NRT,288.2,6.61,N
34.47523,73.85731,331.54,0.42,0.38,2026-08-25,2108,N20,VIIRS,n,2.0NRT,291.71,6.61,N
34.47789,73.86224,296.97,0.42,0.38,2026-08-25,2108,N20,VIIRS,n,2.0NRT,286.25,6.61,N
28.42387,69.70198,325.04,0.38,0.36,2026-08-25,2110,N20,VIIRS,n,2.0NRT,298.93,1.37,N
32.10382,74.17498,314.39,0.46,0.39,2026-08-25,2110,N20,VIIRS,n,2.0NRT,296.52,3.64,N
32.29352,70.72925,310.17,0.38,0.36,2026-08-25,2110,N20,VIIRS,n,2.0NRT,296.71,2.11,N
32.57477,72.56184,313.48,0.4,0.37,2026-08-25,2110,N20,VIIRS,n,2.0NRT,298.32,3.51,N
32.64478,72.97533,310.23,0.41,0.37,2026-08-25,2110,N20,VIIRS,n,2.0NRT,297.78,2.12,N
32.88736,71.61475,311.4,0.39,0.36,2026-08-25,2110,N20,VIIRS,n,2.0NRT,298.59,2.4,N
32.89065,71.61553,315.82,0.39,0.36,2026-08-25,2110,N20,VIIRS,n,2.0NRT,298.96,3.14,N
33.26807,71.3083,315.95,0.38,0.36,2026-08-25,2110,N20,VIIRS,n,2.0NRT,296.66,0.87,N
33.29754,71.1881,312.97,0.38,0.36,2026-08-25,2110,N20,VIIRS,n,2.0NRT,297.12,0.7,N
33.54626,71.55049,315.2,0.39,0.36,2026-08-25,2110,N20,VIIRS,n,2.0NRT,297.89,1.21,N
33.69022,72.71217,308.47,0.4,0.37,2026-08-25,2110,N20,VIIRS,n,2.0NRT,296.46,0.82,N
33.90315,71.91451,310.74,0.39,0.36,2026-08-25,2110,N20,VIIRS,n,2.0NRT,296.21,0.9,N
20.9112,71.45757,302.1,0.49,0.4,2026-08-25,2112,N20,VIIRS,n,2.0NRT,284.29,0.57,N
21.10278,72.63721,322.81,0.56,0.43,2026-08-25,2112,N20,VIIRS,n,2.0NRT,288.84,5.36,N
21.10566,72.6433,330.23,0.56,0.43,2026-08-25,2112,N20,VIIRS,n,2.0NRT,288.03,9.44,N
21.18221,81.38339,302.23,0.65,0.73,2026-08-25,2112,N20,VIIRS,n,2.0NRT,282.69,3.38,N
22.33997,69.85574,308.37,0.41,0.37,2026-08-25,2112,N20,VIIRS,n,2.0NRT,292.92,3.06,N
22.3412,69.85442,306.8,0.41,0.37,2026-08-25,2112,N20,VIIRS,n,2.0NRT,291.97,2.19,N
22.41745,69.03764,310.21,0.39,0.36,2026-08-25,2112,N20,VIIRS,n,2.0NRT,285.03,0.7,N
22.42014,69.04203,302.36,0.39,0.36,2026-08-25,2112,N20,VIIRS,n,2.0NRT,284.81,0.79,N
22.92693,69.82433,307.02,0.4,0.37,2026-08-25,2112,N20,VIIRS,n,2.0NRT,294.39,2.03,N
22.92767,70.10764,315.24,0.41,0.37,2026-08-25,2112,N20,VIIRS,n,2.0NRT,293.46,1.1,N
22.9311,69.69724,306.28,0.4,0.37,2026-08-25,2112,N20,VIIRS,n,2.0NRT,294.03,1.76,N
22.9338,69.70174,317.05,0.4,0.37,2026-08-25,2112,N20,VIIRS,n,2.0NRT,294.03,2.97,N
22.93445,69.69788,330.6,0.4,0.37,2026-08-25,2112,N20,VIIRS,n,2.0NRT,293.92,3.76,N
23.49973,68.57806,299.67,0.38,0.36,2026-08-25,2112,N20,VIIRS,n,2.0NRT,289.53,0.72,N
25.38767,68.58335,322.1,0.38,0.36,2026-08-25,2112,N20,VIIRS,n,2.0NRT,296.81,1.44,N
25.9438,72.19157,304.35,0.45,0.39,2026-08-25,2112,N20,VIIRS,n,2.0NRT,280.35,0.77,N
15.10937,76.80316,296.23,0.44,0.62,2026-08-25,2114,N20,VIIRS,n,2.0NRT,286.09,2.57,N
15.11204,76.8075,300.58,0.44,0.62,2026-08-25,2114,N20,VIIRS,n,2.0NRT,287.16,2.02,N
15.33927,76.27831,307.71,0.4,0.6,2026-08-25,2114,N20,VIIRS,n,2.0NRT,286.95,2,N
15.34013,76.27901,303.12,0.4,0.6,2026-08-25,2114,N20,VIIRS,n,2.0NRT,286.55,1.89,N
17.95897,80.78802,301.14,0.7,0.75,2026-08-25,2114,N20,VIIRS,n,2.0NRT,282.43,3.86,N
17.95949,80.79189,304.32,0.7,0.75,2026-08-25,2114,N20,VIIRS,n,2.0NRT,282.64,2.56,N
18.57772,72.24317,315.9,0.39,0.44,2026-08-25,2114,N20,VIIRS,n,2.0NRT,289.13,3.93,N
18.57839,72.23957,315.38,0.39,0.44,2026-08-25,2114,N20,VIIRS,n,2.0NRT,290.3,4.86,N
19.17601,70.94729,310.13,0.48,0.4,2026-08-25,2114,N20,VIIRS,n,2.0NRT,292.68,3.27,N
29.55459,90.96119,328.88,0.55,0.43,2026-08-26,646,N20,VIIRS,n,2.0NRT,298.85,5.28,D
8.01057,81.09593,331.49,0.39,0.44,2026-08-26,820,N20,VIIRS,n,2.0NRT,277.6,6.4,D
8.1289,80.0549,338.64,0.51,0.41,2026-08-26,820,N20,VIIRS,n,2.0NRT,293.7,5.51,D
8.20856,81.02636,332.46,0.39,0.44,2026-08-26,820,N20,VIIRS,n,2.0NRT,292.81,4.4,D
8.28923,80.15002,330.6,0.52,0.42,2026-08-26,820,N20,VIIRS,n,2.0NRT,291.8,3.92,D
8.36776,80.28935,331.15,0.53,0.42,2026-08-26,820,N20,VIIRS,n,2.0NRT,295.25,4.52,D
8.45122,80.81182,333.38,0.57,0.43,2026-08-26,820,N20,VIIRS,n,2.0NRT,288.36,4.62,D
8.47738,80.69013,330.69,0.56,0.43,2026-08-26,820,N20,VIIRS,n,2.0NRT,288.47,3.52,D
8.53845,80.41251,341.52,0.54,0.42,2026-08-26,820,N20,VIIRS,n,2.0NRT,292.04,6.76,D
8.57087,80.89142,334.75,0.39,0.44,2026-08-26,820,N20,VIIRS,n,2.0NRT,292.59,4.4,D
8.62436,80.88211,339.35,0.39,0.44,2026-08-26,820,N20,VIIRS,n,2.0NRT,293.42,4.69,D
8.66584,80.63694,336.35,0.56,0.43,2026-08-26,820,N20,VIIRS,n,2.0NRT,293.19,4.08,D
8.69085,80.84747,330.61,0.39,0.44,2026-08-26,820,N20,VIIRS,n,2.0NRT,291.76,1.88,D
8.73697,80.79823,343.3,0.38,0.43,2026-08-26,820,N20,VIIRS,n,2.0NRT,296.72,7.13,D
8.74096,80.79766,341.85,0.38,0.43,2026-08-26,820,N20,VIIRS,n,2.0NRT,295.2,5.41,D
8.74453,80.65204,334.42,0.56,0.43,2026-08-26,820,N20,VIIRS,n,2.0NRT,295.26,13.98,D
8.74527,80.65717,334.43,0.56,0.43,2026-08-26,820,N20,VIIRS,n,2.0NRT,289.07,10.18,D
8.77647,80.87511,343.14,0.39,0.44,2026-08-26,820,N20,VIIRS,n,2.0NRT,294.02,5.23,D
8.7949,81.09161,340.56,0.4,0.44,2026-08-26,820,N20,VIIRS,n,2.0NRT,297.21,2.88,D
8.80649,80.58329,335.29,0.56,0.43,2026-08-26,820,N20,VIIRS,n,2.0NRT,296,8.83,D
8.80721,80.58835,349.01,0.56,0.43,2026-08-26,820,N20,VIIRS,n,2.0NRT,296.59,17.72,D
8.81115,80.5878,347.39,0.56,0.43,2026-08-26,820,N20,VIIRS,n,2.0NRT,295.85,11.02,D
8.83608,80.67843,338.57,0.57,0.43,2026-08-26,820,N20,VIIRS,n,2.0NRT,294.82,8.44,D
8.87436,80.67086,352.69,0.57,0.43,2026-08-26,822,N20,VIIRS,n,2.0NRT,296.61,10.18,D
8.87502,80.66782,340.41,0.57,0.43,2026-08-26,822,N20,VIIRS,n,2.0NRT,296.57,10.19,D
8.87576,80.67297,351.91,0.57,0.43,2026-08-26,822,N20,VIIRS,n,2.0NRT,297.59,15.06,D
8.87833,80.67032,336.94,0.57,0.43,2026-08-26,822,N20,VIIRS,n,2.0NRT,296.45,10.18,D
8.89322,80.57399,335.88,0.56,0.43,2026-08-26,822,N20,VIIRS,n,2.0NRT,292.36,4.31,D
8.95257,80.36842,331.42,0.55,0.42,2026-08-26,822,N20,VIIRS,n,2.0NRT,295.29,4.33,D
8.95326,80.37337,331.91,0.55,0.42,2026-08-26,822,N20,VIIRS,n,2.0NRT,293.74,4.33,D
8.99573,80.83981,335.46,0.39,0.44,2026-08-26,822,N20,VIIRS,n,2.0NRT,296.9,2.25,D
9.00394,80.68155,336.08,0.57,0.43,2026-08-26,822,N20,VIIRS,n,2.0NRT,291.79,7.59,D
9.03975,80.67662,336.58,0.57,0.43,2026-08-26,822,N20,VIIRS,n,2.0NRT,297.05,7.94,D
9.07868,80.46973,333.04,0.56,0.43,2026-08-26,822,N20,VIIRS,n,2.0NRT,295.61,4.93,D
9.21554,78.64903,336.71,0.45,0.39,2026-08-26,822,N20,VIIRS,n,2.0NRT,297.98,3.51,D
9.21909,78.64851,335.48,0.45,0.39,2026-08-26,822,N20,VIIRS,n,2.0NRT,295.48,2.52,D
9.28148,80.71458,337.78,0.39,0.44,2026-08-26,822,N20,VIIRS,n,2.0NRT,297.12,4.77,D
9.30177,77.47569,336.04,0.41,0.37,2026-08-26,822,N20,VIIRS,n,2.0NRT,285.33,5.73,D
9.38962,78.88501,347.44,0.46,0.39,2026-08-26,822,N20,VIIRS,n,2.0NRT,301.32,21.77,D
9.43152,80.36105,335.92,0.55,0.43,2026-08-26,822,N20,VIIRS,n,2.0NRT,296.32,4.04,D
9.45475,80.49753,343.43,0.56,0.43,2026-08-26,822,N20,VIIRS,n,2.0NRT,297.44,10.63,D
9.48116,80.4004,335.58,0.56,0.43,2026-08-26,822,N20,VIIRS,n,2.0NRT,296.84,3.64,D
9.48141,80.40318,336.22,0.56,0.43,2026-08-26,822,N20,VIIRS,n,2.0NRT,297.1,5.07,D
9.61096,80.29897,336.79,0.55,0.43,2026-08-26,822,N20,VIIRS,n,2.0NRT,296.75,1.4,D
9.8038,78.17648,340.06,0.43,0.38,2026-08-26,822,N20,VIIRS,n,2.0NRT,300.91,4.38,D
10.05029,77.95355,349.07,0.43,0.38,2026-08-26,822,N20,VIIRS,n,2.0NRT,303.31,7.84,D
10.05376,77.95303,343.77,0.43,0.38,2026-08-26,822,N20,VIIRS,n,2.0NRT,299.95,7.84,D
10.93808,79.54315,336.15,0.52,0.41,2026-08-26,822,N20,VIIRS,n,2.0NRT,294.31,4.04,D
11.35922,77.2625,330.28,0.41,0.37,2026-08-26,822,N20,VIIRS,n,2.0NRT,293.57,1.86,D
11.42405,78.16054,332.79,0.45,0.39,2026-08-26,822,N20,VIIRS,n,2.0NRT,300.25,4.18,D
11.46199,77.46516,341.29,0.42,0.38,2026-08-26,822,N20,VIIRS,n,2.0NRT,296.66,5.71,D
11.53354,78.71278,341.68,0.48,0.4,2026-08-26,822,N20,VIIRS,n,2.0NRT,303.65,4.61,D
11.55913,79.62791,336.44,0.53,0.42,2026-08-26,822,N20,VIIRS,n,2.0NRT,295.58,4.14,D
11.67362,78.43934,330.64,0.46,0.39,2026-08-26,822,N20,VIIRS,n,2.0NRT,300.06,2.19,D
12.05793,76.91864,331.26,0.41,0.37,2026-08-26,822,N20,VIIRS,l,2.0NRT,303.36,1.61,D
12.13018,79.65379,342.13,0.54,0.42,2026-08-26,822,N20,VIIRS,n,2.0NRT,302.82,13.42,D
12.26599,77.0015,335.46,0.41,0.37,2026-08-26,822,N20,VIIRS,n,2.0NRT,300.16,2.81,D
12.30538,76.84256,330.79,0.41,0.37,2026-08-26,822,N20,VIIRS,n,2.0NRT,297.18,1.44,D
12.83705,79.94056,330.38,0.39,0.44,2026-08-26,822,N20,VIIRS,l,2.0NRT,301.2,2.86,D
12.95476,79.27879,334.78,0.53,0.42,2026-08-26,822,N20,VIIRS,n,2.0NRT,298.13,3.78,D
13.09371,78.80157,334.78,0.5,0.41,2026-08-26,822,N20,VIIRS,n,2.0NRT,299.14,4.44,D
13.973,78.2289,331.1,0.48,0.4,2026-08-26,822,N20,VIIRS,n,2.0NRT,298.76,3.09,D
14.15628,77.23994,339.33,0.43,0.38,2026-08-26,822,N20,VIIRS,n,2.0NRT,298.39,3.71,D
14.23911,79.66386,333.76,0.39,0.44,2026-08-26,822,N20,VIIRS,n,2.0NRT,294.68,3.12,D
15.00306,76.99864,337.96,0.43,0.38,2026-08-26,822,N20,VIIRS,n,2.0NRT,302.29,4.52,D
15.01841,79.74989,340.98,0.4,0.44,2026-08-26,822,N20,VIIRS,n,2.0NRT,297.14,5.67,D
15.17506,76.65867,334.39,0.42,0.38,2026-08-26,822,N20,VIIRS,n,2.0NRT,302.05,4.09,D
15.17785,76.67822,336.4,0.42,0.38,2026-08-26,822,N20,VIIRS,n,2.0NRT,302.7,4.7,D
15.17841,76.68213,338.03,0.42,0.38,2026-08-26,822,N20,VIIRS,n,2.0NRT,301.96,5.5,D
15.18318,76.64153,337.25,0.42,0.38,2026-08-26,822,N20,VIIRS,n,2.0NRT,299.05,4.17,D
15.44035,76.97665,332.95,0.44,0.38,2026-08-26,822,N20,VIIRS,n,2.0NRT,302.63,1.86,D
15.74739,77.78989,337.15,0.48,0.4,2026-08-26,822,N20,VIIRS,n,2.0NRT,294.81,4.12,D
15.97756,78.4123,330.46,0.52,0.41,2026-08-26,822,N20,VIIRS,n,2.0NRT,294.78,2.89,D
16.0065,77.04945,340.97,0.44,0.39,2026-08-26,822,N20,VIIRS,n,2.0NRT,298.13,3.84,D
16.83671,79.16844,333.57,0.39,0.44,2026-08-26,824,N20,VIIRS,n,2.0NRT,297.69,2.33,D
19.99819,74.01125,333.16,0.39,0.36,2026-08-26,824,N20,VIIRS,n,2.0NRT,295.9,3.21,D
21.10113,72.63656,342.14,0.38,0.36,2026-08-26,824,N20,VIIRS,n,2.0NRT,300.87,8.04,D
21.10283,72.64758,339.05,0.38,0.36,2026-08-26,824,N20,VIIRS,n,2.0NRT,302.09,11.92,D
21.10612,72.647,344.97,0.38,0.36,2026-08-26,824,N20,VIIRS,n,2.0NRT,302.32,11.92,D
21.74298,83.84299,346.9,0.45,0.63,2026-08-26,824,N20,VIIRS,n,2.0NRT,287.63,11.6,D
21.74881,83.84253,346.63,0.45,0.63,2026-08-26,824,N20,VIIRS,n,2.0NRT,287.28,5.28,D
21.74921,83.84696,326.92,0.45,0.63,2026-08-26,824,N20,VIIRS,n,2.0NRT,286.66,5.28,D
21.75503,83.8465,334.17,0.45,0.63,2026-08-26,824,N20,VIIRS,n,2.0NRT,286.35,5.28,D
21.9208,83.35326,326.38,0.42,0.61,2026-08-26,824,N20,VIIRS,n,2.0NRT,277.14,2.84,D
22.35542,82.30332,334.63,0.36,0.58,2026-08-26,824,N20,VIIRS,n,2.0NRT,289.53,7.35,D
22.35975,82.30282,333.19,0.36,0.58,2026-08-26,824,N20,VIIRS,n,2.0NRT,286.99,8.21,D
22.92799,70.10835,334.26,0.42,0.38,2026-08-26,826,N20,VIIRS,l,2.0NRT,302.81,6.26,D
29.75521,72.58524,330.69,0.4,0.37,2026-08-26,828,N20,VIIRS,l,2.0NRT,303.11,1.43,D
29.75555,71.19326,338.7,0.39,0.36,2026-08-26,828,N20,VIIRS,n,2.0NRT,306.07,3.2,D
29.76845,72.26132,339.23,0.4,0.37,2026-08-26,828,N20,VIIRS,n,2.0NRT,306.31,4.79,D
29.90841,72.08109,343.34,0.4,0.37,2026-08-26,828,N20,VIIRS,n,2.0NRT,306.37,12.85,D
29.93687,72.9943,335.83,0.42,0.37,2026-08-26,828,N20,VIIRS,n,2.0NRT,302.18,3.13,D
29.95284,72.59747,331.09,0.41,0.37,2026-08-26,828,N20,VIIRS,l,2.0NRT,303.47,3.11,D
29.95621,72.59685,338.88,0.41,0.37,2026-08-26,828,N20,VIIRS,n,2.0NRT,302.4,3.11,D
30.07844,71.96696,339.62,0.39,0.37,2026-08-26,828,N20,VIIRS,n,2.0NRT,305.7,6.61,D
30.08177,71.96634,336,0.39,0.37,2026-08-26,828,N20,VIIRS,n,2.0NRT,304.73,2.14,D
30.33941,73.0291,337.17,0.42,0.38,2026-08-26,828,N20,VIIRS,n,2.0NRT,304.08,2.54,D
30.35612,73.65794,334.6,0.44,0.38,2026-08-26,828,N20,VIIRS,n,2.0NRT,302.11,3.06,D
30.51083,72.14,336.55,0.4,0.37,2026-08-26,828,N20,VIIRS,n,2.0NRT,301.57,1.28,D
30.53793,71.68966,330.55,0.39,0.36,2026-08-26,828,N20,VIIRS,l,2.0NRT,303.08,2.47,D
30.70773,71.90141,332.47,0.4,0.37,2026-08-26,828,N20,VIIRS,n,2.0NRT,301.47,2.38,D
31.30204,72.22087,334.75,0.41,0.37,2026-08-26,828,N20,VIIRS,n,2.0NRT,301.27,3.08,D
31.76711,74.16125,332.21,0.48,0.4,2026-08-26,828,N20,VIIRS,l,2.0NRT,303.39,3.52,D
31.98062,70.32509,343.51,0.38,0.36,2026-08-26,828,N20,VIIRS,n,2.0NRT,308.31,10.89,D
32.57503,72.56444,333.78,0.42,0.38,2026-08-26,828,N20,VIIRS,l,2.0NRT,305.54,4.69,D
32.79342,72.26131,338.9,0.42,0.37,2026-08-26,828,N20,VIIRS,n,2.0NRT,308.17,6,D
32.88766,71.61832,336.39,0.4,0.37,2026-08-26,828,N20,VIIRS,l,2.0NRT,306.81,2.91,D
33.62799,73.01943,333.58,0.45,0.39,2026-08-26,828,N20,VIIRS,n,2.0NRT,302.86,2.76,D
30.06887,96.97642,304.58,0.45,0.39,2026-08-26,1910,N20,VIIRS,n,2.0NRT,287.2,0.89,N
20.79373,85.25214,303.88,0.57,0.69,2026-08-26,1913,N20,VIIRS,n,2.0NRT,271.84,1.95,N
20.86702,96.39068,307.67,0.4,0.37,2026-08-26,1913,N20,VIIRS,n,2.0NRT,290.05,1.76,N
20.96356,85.1699,297.9,0.58,0.69,2026-08-26,1913,N20,VIIRS,n,2.0NRT,270.6,2.19,N
20.96951,85.17609,305.91,0.58,0.69,2026-08-26,1913,N20,VIIRS,n,2.0NRT,274.26,3.1,N
21.57795,96.23352,306.36,0.4,0.37,2026-08-26,1913,N20,VIIRS,n,2.0NRT,290.4,2.12,N
22.47517,91.73435,305.85,0.45,0.47,2026-08-26,1913,N20,VIIRS,n,2.0NRT,288.92,2.17,N
20.76191,85.29632,305.1,0.56,0.69,2026-08-26,1915,N20,VIIRS,n,2.0NRT,273.38,1.85,N
20.76239,85.29076,299.33,0.56,0.69,2026-08-26,1915,N20,VIIRS,n,2.0NRT,273.13,1.44,N
20.76468,85.29327,303.89,0.56,0.69,2026-08-26,1915,N20,VIIRS,n,2.0NRT,272.33,2.11,N
20.79809,85.25024,301.94,0.57,0.69,2026-08-26,1915,N20,VIIRS,n,2.0NRT,271.59,2.09,N
32.08615,74.16393,315.28,0.39,0.36,2026-08-26,2049,N20,VIIRS,n,2.0NRT,298.08,1.57,N
32.13151,74.1764,320.32,0.39,0.36,2026-08-26,2049,N20,VIIRS,n,2.0NRT,298.27,1.58,N
32.57768,72.56239,312.81,0.43,0.38,2026-08-26,2049,N20,VIIRS,n,2.0NRT,299.58,2.45,N
32.64449,72.97614,308.74,0.42,0.38,2026-08-26,2049,N20,VIIRS,n,2.0NRT,298.14,2.02,N
32.65508,70.47259,311.74,0.53,0.42,2026-08-26,2049,N20,VIIRS,n,2.0NRT,298.18,1.73,N
32.88863,71.6162,316.27,0.47,0.4,2026-08-26,2049,N20,VIIRS,n,2.0NRT,299.52,4.12,N
33.29755,71.18687,309.27,0.5,0.41,2026-08-26,2049,N20,VIIRS,n,2.0NRT,295.79,0.9,N
33.90435,71.91553,308.79,0.47,0.4,2026-08-26,2049,N20,VIIRS,n,2.0NRT,296.9,1.12,N
35.96973,68.68405,306.16,0.48,0.48,2026-08-26,2049,N20,VIIRS,n,2.0NRT,294.8,1.62,N
23.61789,86.78893,305.36,0.63,0.72,2026-08-26,2051,N20,VIIRS,n,2.0NRT,283.23,1.9,N
23.93222,72.36194,322.77,0.39,0.36,2026-08-26,2051,N20,VIIRS,n,2.0NRT,280,1.69,N
26.76138,83.19917,301.41,0.32,0.55,2026-08-26,2051,N20,VIIRS,n,2.0NRT,278.05,0.93,N
26.87866,73.51471,303.59,0.39,0.36,2026-08-26,2051,N20,VIIRS,n,2.0NRT,282.78,1.11,N
26.92686,73.4677,305.99,0.39,0.36,2026-08-26,2051,N20,VIIRS,n,2.0NRT,287.44,1.1,N
28.0541,69.37069,311.29,0.54,0.42,2026-08-26,2051,N20,VIIRS,n,2.0NRT,297.98,0.64,N
28.42557,69.69781,313.35,0.52,0.42,2026-08-26,2051,N20,VIIRS,n,2.0NRT,298.26,1.67,N
29.47616,76.85736,306.91,0.41,0.37,2026-08-26,2051,N20,VIIRS,n,2.0NRT,287.88,1.89,N
18.68135,73.03658,308.6,0.39,0.36,2026-08-26,2053,N20,VIIRS,n,2.0NRT,290.54,1.56,N
18.68196,73.03288,302.89,0.39,0.36,2026-08-26,2053,N20,VIIRS,n,2.0NRT,289.13,1.56,N
18.68589,73.02978,301.74,0.39,0.36,2026-08-26,2053,N20,VIIRS,n,2.0NRT,287.39,0.74,N
18.95677,73.94353,329.4,0.41,0.37,2026-08-26,2053,N20,VIIRS,n,2.0NRT,290.9,2.58,N
20.78307,85.26205,301.72,0.59,0.7,2026-08-26,2053,N20,VIIRS,n,2.0NRT,283.99,1.07,N
20.78438,85.25655,302.13,0.58,0.7,2026-08-26,2053,N20,VIIRS,n,2.0NRT,283.99,1.07,N
20.78934,85.26369,304.73,0.59,0.7,2026-08-26,2053,N20,VIIRS,n,2.0NRT,284.02,1.07,N
20.79822,85.25431,308.68,0.58,0.7,2026-08-26,2053,N20,VIIRS,n,2.0NRT,283.63,1.25,N
20.80444,85.25613,301.92,0.58,0.7,2026-08-26,2053,N20,VIIRS,n,2.0NRT,284.07,1.25,N
20.81066,85.25798,303.54,0.58,0.7,2026-08-26,2053,N20,VIIRS,n,2.0NRT,284.2,2.64,N
20.91049,71.45941,312.46,0.39,0.36,2026-08-26,2053,N20,VIIRS,n,2.0NRT,289.09,1.26,N
21.1065,72.64651,300.89,0.38,0.36,2026-08-26,2053,N20,VIIRS,n,2.0NRT,270.92,0.55,N
22.32085,69.8827,311.16,0.44,0.38,2026-08-26,2053,N20,VIIRS,n,2.0NRT,286.86,1.41,N
22.32132,69.88142,317.54,0.44,0.38,2026-08-26,2053,N20,VIIRS,n,2.0NRT,287.39,1.49,N
22.41633,69.0387,309,0.48,0.4,2026-08-26,2053,N20,VIIRS,n,2.0NRT,292.91,2.63,N
23.31464,70.48708,307.11,0.43,0.38,2026-08-26,2053,N20,VIIRS,n,2.0NRT,293.75,1.62,N
23.31667,70.48634,308.92,0.43,0.38,2026-08-26,2053,N20,VIIRS,n,2.0NRT,294.09,1.21,N
11.80962,77.92208,298.71,0.58,0.52,2026-08-26,2055,N20,VIIRS,n,2.0NRT,276.25,0.74,N
13.71163,79.62034,301.42,0.35,0.56,2026-08-26,2055,N20,VIIRS,n,2.0NRT,282.07,1.07,N
13.71613,79.62455,302.5,0.35,0.56,2026-08-26,2055,N20,VIIRS,n,2.0NRT,282.05,0.91,N
13.84566,79.25454,303.89,0.33,0.55,2026-08-26,2055,N20,VIIRS,n,2.0NRT,283.38,1.01,N
13.84619,79.25174,311.52,0.33,0.55,2026-08-26,2055,N20,VIIRS,n,2.0NRT,279.9,1.27,N
15.17025,76.38171,304.26,0.4,0.44,2026-08-26,2055,N20,VIIRS,n,2.0NRT,286.12,0.89,N
15.17336,76.66246,301.82,0.42,0.45,2026-08-26,2055,N20,VIIRS,n,2.0NRT,285.19,1.14,N
15.17477,76.65479,318.72,0.42,0.45,2026-08-26,2055,N20,VIIRS,n,2.0NRT,284.95,1.55,N
15.17542,77.10057,302.32,0.45,0.47,2026-08-26,2055,N20,VIIRS,n,2.0NRT,285.01,1.32,N
15.17816,76.65945,310.09,0.42,0.45,2026-08-26,2055,N20,VIIRS,n,2.0NRT,285.4,1.55,N
15.17886,76.65562,312.26,0.42,0.45,2026-08-26,2055,N20,VIIRS,n,2.0NRT,286.36,1.55,N
15.17946,76.67565,307.05,0.42,0.45,2026-08-26,2055,N20,VIIRS,n,2.0NRT,285.67,1.65,N
15.18357,76.67648,309.53,0.42,0.45,2026-08-26,2055,N20,VIIRS,n,2.0NRT,286.52,1.65,N
15.18496,76.66879,312.05,0.42,0.45,2026-08-26,2055,N20,VIIRS,n,2.0NRT,285.84,2.38,N
15.30119,76.21846,301.59,0.39,0.44,2026-08-26,2055,N20,VIIRS,n,2.0NRT,288.41,0.8,N
15.33309,76.24698,309.09,0.39,0.44,2026-08-26,2055,N20,VIIRS,n,2.0NRT,290.15,0.78,N
15.33449,76.28466,307.06,0.39,0.44,2026-08-26,2055,N20,VIIRS,n,2.0NRT,290.93,1.15,N
24.00065,90.30868,333.25,0.5,0.66,2026-08-27,625,N20,VIIRS,n,2.0NRT,286.68,4.91,D
8.00174,80.37679,330.92,0.39,0.36,2026-08-27,803,N20,VIIRS,n,2.0NRT,287.19,2.58,D
8.07855,81.34753,347.57,0.39,0.36,2026-08-27,803,N20,VIIRS,n,2.0NRT,304.24,5.76,D
8.1266,81.32954,332.51,0.39,0.36,2026-08-27,803,N20,VIIRS,l,2.0NRT,303.55,2.35,D
8.15307,81.32552,336.44,0.39,0.36,2026-08-27,803,N20,VIIRS,n,2.0NRT,301.16,5.7,D
8.15969,81.32451,338.73,0.39,0.36,2026-08-27,803,N20,VIIRS,n,2.0NRT,301.58,5.72,D
8.16075,81.33147,332.99,0.39,0.36,2026-08-27,803,N20,VIIRS,n,2.0NRT,301.94,2.18,D
8.18756,81.21635,338.58,0.39,0.36,2026-08-27,803,N20,VIIRS,n,2.0NRT,302.12,3.74,D
8.37496,80.5052,334.35,0.38,0.36,2026-08-27,803,N20,VIIRS,n,2.0NRT,299.22,3.16,D
8.89727,80.48201,340.98,0.38,0.36,2026-08-27,803,N20,VIIRS,n,2.0NRT,301.5,9.27,D
8.95087,77.90591,336.68,0.44,0.38,2026-08-27,803,N20,VIIRS,l,2.0NRT,302.71,2.82,D
9.12931,77.84509,337.52,0.44,0.39,2026-08-27,803,N20,VIIRS,l,2.0NRT,305.71,5.56,D
9.23964,77.81049,339.38,0.44,0.39,2026-08-27,803,N20,VIIRS,l,2.0NRT,303.83,8.89,D
9.27336,77.94791,337.78,0.44,0.38,2026-08-27,803,N20,VIIRS,l,2.0NRT,304.71,10.83,D
9.45227,80.48818,340.55,0.38,0.36,2026-08-27,803,N20,VIIRS,n,2.0NRT,301.48,3.08,D
9.46229,80.46529,332.31,0.38,0.36,2026-08-27,803,N20,VIIRS,l,2.0NRT,302.43,0.91,D
9.82798,77.77052,338.56,0.44,0.38,2026-08-27,803,N20,VIIRS,l,2.0NRT,302.91,6.26,D
9.9415,78.59012,334.4,0.41,0.37,2026-08-27,803,N20,VIIRS,n,2.0NRT,301.16,2.2,D
11.03126,77.58949,337.59,0.43,0.38,2026-08-27,803,N20,VIIRS,n,2.0NRT,302.98,4.28,D
11.03474,77.58891,337.28,0.43,0.38,2026-08-27,803,N20,VIIRS,n,2.0NRT,302.23,4.86,D
11.70355,78.596,334.69,0.4,0.37,2026-08-27,805,N20,VIIRS,l,2.0NRT,301.31,6.34,D
12.05728,79.84831,333.91,0.38,0.36,2026-08-27,805,N20,VIIRS,n,2.0NRT,298.98,2.33,D
12.09427,77.76483,335.49,0.42,0.38,2026-08-27,805,N20,VIIRS,l,2.0NRT,302.06,9.48,D
12.1972,79.71706,332.4,0.38,0.36,2026-08-27,805,N20,VIIRS,n,2.0NRT,296.25,2.8,D
12.29649,78.82146,334.91,0.39,0.36,2026-08-27,805,N20,VIIRS,n,2.0NRT,300.14,3.56,D
15.81279,79.73833,335.02,0.39,0.36,2026-08-27,805,N20,VIIRS,n,2.0NRT,289.59,3.1,D
17.36462,75.19918,335.39,0.47,0.4,2026-08-27,805,N20,VIIRS,l,2.0NRT,305.04,8.72,D
22.7993,86.09131,332.6,0.32,0.54,2026-08-27,805,N20,VIIRS,n,2.0NRT,290.28,2.85,D
20.79344,85.25465,352.45,0.53,0.5,2026-08-27,807,N20,VIIRS,n,2.0NRT,289.7,11.97,D
20.79426,85.25369,341.39,0.53,0.5,2026-08-27,807,N20,VIIRS,n,2.0NRT,289.95,9.18,D
20.96309,85.18516,332.56,0.53,0.5,2026-08-27,807,N20,VIIRS,n,2.0NRT,291.41,9.71,D
20.96367,85.19029,330.49,0.53,0.5,2026-08-27,807,N20,VIIRS,n,2.0NRT,291.14,6.6,D
26.6315,70.38902,341.86,0.41,0.45,2026-08-27,807,N20,VIIRS,n,2.0NRT,300.88,6.8,D
27.72701,68.73575,339.62,0.49,0.48,2026-08-27,807,N20,VIIRS,n,2.0NRT,304.63,5,D
27.73136,68.7346,343.99,0.49,0.48,2026-08-27,807,N20,VIIRS,n,2.0NRT,302.44,5,D
28.05137,69.36835,332.37,0.44,0.46,2026-08-27,807,N20,VIIRS,l,2.0NRT,305.93,4.2,D
31.07058,74.00562,334.77,0.39,0.36,2026-08-27,807,N20,VIIRS,n,2.0NRT,303.73,7.28,D
31.58428,75.88541,336.5,0.39,0.36,2026-08-27,807,N20,VIIRS,n,2.0NRT,299.75,7.07,D
35.52793,68.23533,335.11,0.55,0.43,2026-08-27,809,N20,VIIRS,l,2.0NRT,308.17,1.68,D
25.01756,92.04456,296.28,0.63,0.72,2026-08-27,2032,N20,VIIRS,n,2.0NRT,283.92,4.29,N
29.45695,76.86645,325,0.42,0.38,2026-08-27,2032,N20,VIIRS,n,2.0NRT,294.44,2.18,N
29.90619,74.94877,309.91,0.51,0.41,2026-08-27,2032,N20,VIIRS,n,2.0NRT,294.78,1.73,N
29.90931,74.95467,310.35,0.51,0.41,2026-08-27,2032,N20,VIIRS,n,2.0NRT,296.01,2.55,N
29.90996,74.94939,349.11,0.51,0.41,2026-08-27,2032,N20,VIIRS,n,2.0NRT,300.01,15.45,N
29.91061,74.94411,315.32,0.51,0.41,2026-08-27,2032,N20,VIIRS,n,2.0NRT,294.79,15.45,N
29.91374,74.95001,317.18,0.51,0.41,2026-08-27,2032,N20,VIIRS,n,2.0NRT,296.17,15.45,N
32.10194,74.17519,310.2,0.4,0.44,2026-08-27,2032,N20,VIIRS,n,2.0NRT,296.27,1.04,N
32.57524,72.56094,309.93,0.49,0.49,2026-08-27,2032,N20,VIIRS,n,2.0NRT,296.78,3.78,N
32.57745,72.56151,309.4,0.49,0.49,2026-08-27,2032,N20,VIIRS,n,2.0NRT,296.91,3.46,N
32.89027,71.61696,310.28,0.56,0.52,2026-08-27,2032,N20,VIIRS,n,2.0NRT,298.13,4.33,N
33.29906,71.18397,306.52,0.6,0.53,2026-08-27,2032,N20,VIIRS,n,2.0NRT,295.3,0.86,N
35.78201,71.34005,304,0.63,0.54,2026-08-27,2032,N20,VIIRS,n,2.0NRT,283.61,1.65,N
35.9672,68.68427,307.11,0.45,0.63,2026-08-27,2032,N20,VIIRS,n,2.0NRT,293.41,1.08,N
21.11086,72.63392,297.67,0.53,0.42,2026-08-27,2034,N20,VIIRS,n,2.0NRT,269.91,0.95,N
22.36412,87.30086,309.14,0.36,0.58,2026-08-27,2034,N20,VIIRS,n,2.0NRT,277.95,1.91,N
22.37007,87.29873,302.4,0.36,0.58,2026-08-27,2034,N20,VIIRS,n,2.0NRT,277.69,1.6,N
22.37985,87.27941,320.47,0.36,0.58,2026-08-27,2034,N20,VIIRS,n,2.0NRT,279.73,1.3,N
22.38062,87.27596,304,0.36,0.58,2026-08-27,2034,N20,VIIRS,n,2.0NRT,279.93,1.3,N
23.11632,70.08329,303.57,0.54,0.5,2026-08-27,2034,N20,VIIRS,n,2.0NRT,288.7,1.73,N
23.55796,87.23771,309.96,0.34,0.56,2026-08-27,2034,N20,VIIRS,n,2.0NRT,268.63,1.5,N
23.55943,87.2403,303.16,0.34,0.56,2026-08-27,2034,N20,VIIRS,n,2.0NRT,268.87,0.64,N
23.56014,87.23705,302.58,0.34,0.56,2026-08-27,2034,N20,VIIRS,n,2.0NRT,268.41,0.64,N
23.56168,87.08423,296.94,0.33,0.56,2026-08-27,2034,N20,VIIRS,n,2.0NRT,264.64,0.31,N
25.94402,72.18896,306.37,0.43,0.46,2026-08-27,2034,N20,VIIRS,n,2.0NRT,291.48,1.26,N
26.095,68.87718,306.59,0.35,0.56,2026-08-27,2034,N20,VIIRS,n,2.0NRT,294.98,0.57,N
28.42546,69.69883,313.97,0.33,0.55,2026-08-27,2034,N20,VIIRS,n,2.0NRT,295.97,0.83,N
13.39338,80.10246,309.41,0.56,0.43,2026-08-27,2036,N20,VIIRS,n,2.0NRT,294.36,1.67,N
13.39423,80.09978,310.06,0.56,0.43,2026-08-27,2036,N20,VIIRS,n,2.0NRT,294.26,1.02,N
13.82722,79.25863,311.67,0.49,0.41,2026-08-27,2036,N20,VIIRS,n,2.0NRT,291.84,1.24,N
15.16878,76.38122,305.46,0.39,0.36,2026-08-27,2036,N20,VIIRS,n,2.0NRT,285.14,1.21,N
15.16954,76.67191,312.8,0.39,0.36,2026-08-27,2036,N20,VIIRS,n,2.0NRT,288.34,2.47,N
15.17311,76.69072,304.56,0.39,0.36,2026-08-27,2036,N20,VIIRS,n,2.0NRT,262.63,1.07,N
15.17506,76.65783,308.19,0.39,0.36,2026-08-27,2036,N20,VIIRS,n,2.0NRT,279.7,1.42,N
15.17565,76.65424,313.9,0.39,0.36,2026-08-27,2036,N20,VIIRS,n,2.0NRT,276.75,1.3,N
15.17837,76.6584,305.75,0.39,0.36,2026-08-27,2036,N20,VIIRS,n,2.0NRT,281.15,1.42,N
15.17896,76.65481,304.88,0.39,0.36,2026-08-27,2036,N20,VIIRS,n,2.0NRT,280.47,1.3,N
15.18383,76.66673,310.39,0.39,0.36,2026-08-27,2036,N20,VIIRS,n,2.0NRT,272.53,2.11,N
15.3337,76.28465,314.4,0.39,0.36,2026-08-27,2036,N20,VIIRS,n,2.0NRT,291.46,0.98,N
15.33814,76.27811,331.25,0.39,0.36,2026-08-27,2036,N20,VIIRS,n,2.0NRT,291.87,3.12,N
15.84314,79.77197,313.9,0.49,0.41,2026-08-27,2036,N20,VIIRS,n,2.0NRT,290.13,1.41,N
15.84508,79.77524,311.52,0.49,0.41,2026-08-27,2036,N20,VIIRS,n,2.0NRT,291.09,1.2,N
15.93414,78.26305,311.11,0.42,0.38,2026-08-27,2036,N20,VIIRS,n,2.0NRT,292.98,2.6,N
15.99172,78.39793,311.61,0.43,0.38,2026-08-27,2036,N20,VIIRS,n,2.0NRT,291.91,2.61,N
16.65075,74.31296,303.68,0.41,0.37,2026-08-27,2036,N20,VIIRS,n,2.0NRT,289.91,1.22,N
17.06305,76.97786,312.97,0.39,0.36,2026-08-27,2036,N20,VIIRS,n,2.0NRT,291.9,1.5,N
17.13972,77.17654,308.27,0.39,0.36,2026-08-27,2036,N20,VIIRS,n,2.0NRT,292.26,1.22,N
17.14186,77.1844,313.21,0.39,0.36,2026-08-27,2036,N20,VIIRS,n,2.0NRT,292.77,1.4,N
17.37144,77.44598,308.66,0.39,0.36,2026-08-27,2036,N20,VIIRS,n,2.0NRT,292.75,0.9,N
17.46451,80.65163,306.31,0.52,0.42,2026-08-27,2036,N20,VIIRS,n,2.0NRT,291.11,1.53,N
17.95691,80.79494,321.04,0.52,0.42,2026-08-27,2036,N20,VIIRS,n,2.0NRT,291.35,3.85,N
17.95779,80.79296,325.37,0.52,0.42,2026-08-27,2036,N20,VIIRS,n,2.0NRT,291.51,2.27,N
17.95781,80.79008,305.78,0.52,0.42,2026-08-27,2036,N20,VIIRS,n,2.0NRT,290.77,1.44,N
17.95866,80.7881,307.84,0.52,0.42,2026-08-27,2036,N20,VIIRS,n,2.0NRT,291.04,2.27,N
17.9587,80.7852,305.22,0.52,0.42,2026-08-27,2036,N20,VIIRS,n,2.0NRT,290.86,1.44,N
8.30496,77.64027,311.47,0.48,0.4,2026-08-27,2038,N20,VIIRS,n,2.0NRT,293.23,2.34,N
8.40881,80.75497,310.77,0.49,0.49,2026-08-27,2038,N20,VIIRS,n,2.0NRT,289.8,1.51,N
9.00222,80.67443,299.44,0.47,0.48,2026-08-27,2038,N20,VIIRS,n,2.0NRT,283.45,0.24,N
9.49392,77.62406,314.42,0.46,0.39,2026-08-27,2038,N20,VIIRS,n,2.0NRT,287.72,1.32,N
10.59377,77.43021,304.6,0.44,0.38,2026-08-27,2038,N20,VIIRS,n,2.0NRT,293.55,0.34,N
10.61681,77.42193,304.47,0.44,0.38,2026-08-27,2038,N20,VIIRS,n,2.0NRT,293.73,0.58,N
11.1106,77.76625,305.12,0.45,0.39,2026-08-27,2038,N20,VIIRS,n,2.0NRT,293.15,0.44,N
11.1818,79.10095,308.51,0.52,0.42,2026-08-27,2038,N20,VIIRS,n,2.0NRT,292.24,2.46,N
11.26873,80.00504,316.33,0.39,0.44,2026-08-27,2038,N20,VIIRS,n,2.0NRT,290.58,1.49,N
11.80997,77.92491,298.4,0.45,0.39,2026-08-27,2038,N20,VIIRS,n,2.0NRT,278.41,0.98,N
11.81067,77.92082,315.05,0.45,0.39,2026-08-27,2038,N20,VIIRS,n,2.0NRT,281.52,0.98,N
11.81491,77.91734,307.82,0.45,0.39,2026-08-27,2038,N20,VIIRS,n,2.0NRT,281.99,1.2,N
11.81844,77.91795,306.9,0.45,0.39,2026-08-27,2038,N20,VIIRS,n,2.0NRT,280.05,0.67,N
12.24076,78.06161,315.57,0.45,0.39,2026-08-27,2038,N20,VIIRS,n,2.0NRT,293.7,1.02,N
12.64644,77.78779,297.84,0.44,0.38,2026-08-27,2038,N20,VIIRS,n,2.0NRT,285.68,0.22,N
12.91795,77.42487,300.73,0.42,0.38,2026-08-27,2038,N20,VIIRS,n,2.0NRT,290.06,0.66,N
33.29565,71.18529,303.8,0.7,0.75,2026-08-27,2212,N20,VIIRS,n,2.0NRT,291.61,1.31,N
35.96931,68.68378,303.52,0.44,0.62,2026-08-27,2212,N20,VIIRS,n,2.0NRT,291.33,0.77,N
8.40984,80.82601,331.05,0.56,0.43,2026-08-28,744,N20,VIIRS,n,2.0NRT,293.03,3.22,D
8.41011,80.82766,330.65,0.56,0.43,2026-08-28,744,N20,VIIRS,n,2.0NRT,293.04,5.41,D
8.42591,80.33542,331.13,0.4,0.44,2026-08-28,744,N20,VIIRS,n,2.0NRT,292.24,3.26,D
8.52512,80.81857,335.07,0.56,0.43,2026-08-28,744,N20,VIIRS,n,2.0NRT,295.22,3.59,D
8.52595,80.82137,338.38,0.56,0.43,2026-08-28,744,N20,VIIRS,n,2.0NRT,297.52,5.61,D
8.55052,80.77623,330.48,0.56,0.43,2026-08-28,744,N20,VIIRS,n,2.0NRT,295.1,2.27,D
8.56677,78.0841,336.43,0.56,0.51,2026-08-28,744,N20,VIIRS,n,2.0NRT,298.27,5.17,D
8.6437,80.92892,348.1,0.55,0.42,2026-08-28,744,N20,VIIRS,n,2.0NRT,296.02,21.2,D
8.64431,80.92615,339.34,0.55,0.42,2026-08-28,744,N20,VIIRS,n,2.0NRT,293.65,28.26,D
8.67631,80.2558,344.31,0.4,0.44,2026-08-28,744,N20,VIIRS,n,2.0NRT,297.98,5.4,D
8.68003,80.75702,332.99,0.56,0.43,2026-08-28,744,N20,VIIRS,n,2.0NRT,295.38,10.73,D
8.71066,77.97169,336.06,0.56,0.52,2026-08-28,744,N20,VIIRS,n,2.0NRT,303.05,3.26,D
8.71155,77.97672,334.12,0.56,0.52,2026-08-28,744,N20,VIIRS,n,2.0NRT,303.01,3.26,D
8.71625,77.97591,332.03,0.56,0.52,2026-08-28,744,N20,VIIRS,n,2.0NRT,301.28,4.69,D
8.72698,80.74916,330.03,0.56,0.43,2026-08-28,744,N20,VIIRS,n,2.0NRT,293.16,6.65,D
8.72984,78.1073,341.09,0.55,0.51,2026-08-28,744,N20,VIIRS,n,2.0NRT,303.37,5.48,D
8.78832,78.11234,330.5,0.55,0.51,2026-08-28,744,N20,VIIRS,l,2.0NRT,300.76,2.63,D
8.84528,78.0387,334.87,0.56,0.51,2026-08-28,744,N20,VIIRS,n,2.0NRT,303.61,3.18,D
8.90563,80.35099,350.09,0.39,0.44,2026-08-28,744,N20,VIIRS,n,2.0NRT,298.76,5.92,D
8.90787,80.43686,330.25,0.39,0.44,2026-08-28,744,N20,VIIRS,n,2.0NRT,299.36,2.31,D
8.90886,80.58608,332.23,0.57,0.43,2026-08-28,744,N20,VIIRS,n,2.0NRT,296.88,7.44,D
8.98831,77.81923,339.23,0.57,0.52,2026-08-28,744,N20,VIIRS,n,2.0NRT,301.93,1.85,D
8.98947,77.82053,338.15,0.57,0.52,2026-08-28,744,N20,VIIRS,n,2.0NRT,302.18,3.48,D
9.00048,80.67468,336.14,0.56,0.43,2026-08-28,744,N20,VIIRS,n,2.0NRT,299.13,5.74,D
9.05492,80.49566,337.59,0.57,0.43,2026-08-28,744,N20,VIIRS,n,2.0NRT,297.61,6.56,D
9.1417,80.26675,332.33,0.39,0.44,2026-08-28,744,N20,VIIRS,n,2.0NRT,296.13,2.82,D
9.15226,80.71832,336.19,0.55,0.43,2026-08-28,744,N20,VIIRS,n,2.0NRT,304.27,33.78,D
9.15345,80.72108,336.5,0.55,0.43,2026-08-28,744,N20,VIIRS,n,2.0NRT,299.4,71.88,D
9.15616,80.71767,336.09,0.55,0.43,2026-08-28,744,N20,VIIRS,n,2.0NRT,296.79,33.78,D
9.18515,77.78957,336.57,0.57,0.52,2026-08-28,744,N20,VIIRS,n,2.0NRT,299.73,8.65,D
9.18577,77.78692,337.19,0.57,0.52,2026-08-28,744,N20,VIIRS,n,2.0NRT,298.88,9.06,D
9.23738,80.79314,332.94,0.55,0.42,2026-08-28,744,N20,VIIRS,n,2.0NRT,296.12,4.51,D
9.28004,78.3948,344.7,0.52,0.5,2026-08-28,744,N20,VIIRS,n,2.0NRT,298.62,7.43,D
9.28083,78.39944,338.08,0.52,0.5,2026-08-28,744,N20,VIIRS,n,2.0NRT,298.15,2.22,D
9.28536,78.39864,332.63,0.52,0.5,2026-08-28,744,N20,VIIRS,n,2.0NRT,298.54,2.22,D
9.30402,78.39236,330.72,0.52,0.5,2026-08-28,744,N20,VIIRS,n,2.0NRT,299.51,3.83,D
9.37273,78.62408,336.3,0.5,0.49,2026-08-28,744,N20,VIIRS,n,2.0NRT,301.6,3.75,D
9.42936,80.42011,334.71,0.57,0.43,2026-08-28,744,N20,VIIRS,n,2.0NRT,301.08,5.18,D
9.57007,80.37499,339.05,0.57,0.43,2026-08-28,744,N20,VIIRS,n,2.0NRT,299.51,5.04,D
9.60042,79.98769,335.71,0.4,0.44,2026-08-28,744,N20,VIIRS,n,2.0NRT,298.2,2.72,D
9.7363,78.57832,337.02,0.49,0.49,2026-08-28,744,N20,VIIRS,n,2.0NRT,300.99,2.12,D
9.73857,78.34991,341.77,0.51,0.49,2026-08-28,744,N20,VIIRS,n,2.0NRT,303.77,5.67,D
9.73959,78.34672,340.85,0.51,0.49,2026-08-28,744,N20,VIIRS,n,2.0NRT,303.08,5.32,D
9.76033,80.26269,330.11,0.38,0.44,2026-08-28,744,N20,VIIRS,n,2.0NRT,299.81,1.63,D
9.88019,78.4741,337.89,0.5,0.49,2026-08-28,744,N20,VIIRS,n,2.0NRT,302.38,1.87,D
9.93117,78.07159,339.46,0.53,0.5,2026-08-28,744,N20,VIIRS,n,2.0NRT,300.45,5.4,D
9.94673,78.18559,332.32,0.52,0.5,2026-08-28,744,N20,VIIRS,n,2.0NRT,300.34,2.94,D
9.96105,78.39642,330.65,0.5,0.49,2026-08-28,744,N20,VIIRS,n,2.0NRT,299.87,0.94,D
9.96297,78.39445,330.37,0.5,0.49,2026-08-28,744,N20,VIIRS,l,2.0NRT,300.83,1.75,D
10.06681,78.36839,330.13,0.5,0.49,2026-08-28,744,N20,VIIRS,l,2.0NRT,301.82,1.8,D
10.59022,78.85231,333.44,0.46,0.47,2026-08-28,744,N20,VIIRS,n,2.0NRT,292.16,2.93,D
10.81325,78.80896,331.45,0.46,0.47,2026-08-28,744,N20,VIIRS,n,2.0NRT,293.85,2.33,D
11.24627,77.77045,337.19,0.53,0.5,2026-08-28,744,N20,VIIRS,n,2.0NRT,297.88,3.3,D
11.24631,77.76821,335.77,0.53,0.5,2026-08-28,744,N20,VIIRS,n,2.0NRT,297.73,3.18,D
11.62135,79.67422,342.53,0.39,0.44,2026-08-28,744,N20,VIIRS,n,2.0NRT,297.44,3.31,D
11.97214,79.74477,343.23,0.38,0.43,2026-08-28,744,N20,VIIRS,n,2.0NRT,294.73,2.69,D
11.9761,79.74409,340.97,0.38,0.43,2026-08-28,744,N20,VIIRS,n,2.0NRT,294.31,3.39,D
12.63144,79.54516,330.25,0.39,0.44,2026-08-28,744,N20,VIIRS,n,2.0NRT,298.38,1.88,D
14.49,79.71088,344.64,0.53,0.42,2026-08-28,744,N20,VIIRS,n,2.0NRT,305.11,6.55,D
14.59493,77.66154,334.05,0.47,0.48,2026-08-28,746,N20,VIIRS,n,2.0NRT,301.79,3.27,D
14.65638,75.65396,339.8,0.64,0.54,2026-08-28,746,N20,VIIRS,n,2.0NRT,295.19,12.07,D
14.66031,75.6534,336.45,0.32,0.54,2026-08-28,746,N20,VIIRS,n,2.0NRT,293.69,12.84,D
14.66086,75.65631,367,0.32,0.54,2026-08-28,746,N20,VIIRS,h,2.0NRT,295.26,12.84,D
14.66129,75.6529,330.09,0.64,0.54,2026-08-28,746,N20,VIIRS,n,2.0NRT,293.6,8.89,D
14.66463,79.55208,332.52,0.54,0.42,2026-08-28,746,N20,VIIRS,l,2.0NRT,303.65,3.81,D
15.08822,79.77559,344.05,0.52,0.41,2026-08-28,746,N20,VIIRS,n,2.0NRT,304.02,14.93,D
15.089,79.77787,336.56,0.52,0.41,2026-08-28,746,N20,VIIRS,n,2.0NRT,303.76,21.57,D
15.32899,78.96827,332.13,0.57,0.43,2026-08-28,746,N20,VIIRS,n,2.0NRT,300.66,4.34,D
15.63525,79.5853,340.53,0.52,0.41,2026-08-28,746,N20,VIIRS,n,2.0NRT,304.83,7.27,D
15.73366,79.84308,335.64,0.5,0.41,2026-08-28,746,N20,VIIRS,n,2.0NRT,300.32,4.96,D
15.99496,78.3997,331.18,0.4,0.44,2026-08-28,746,N20,VIIRS,n,2.0NRT,296.42,1.68,D
16.13124,77.82779,354.31,0.43,0.46,2026-08-28,746,N20,VIIRS,n,2.0NRT,298.26,10.46,D
16.13541,77.827,340.62,0.43,0.46,2026-08-28,746,N20,VIIRS,n,2.0NRT,296.55,6.35,D
20.9654,86.01233,334.34,0.47,0.4,2026-08-28,746,N20,VIIRS,n,2.0NRT,283.91,3.23,D
20.96903,86.01181,331.01,0.47,0.4,2026-08-28,746,N20,VIIRS,n,2.0NRT,284.62,3.23,D
21.74363,83.84044,332.72,0.4,0.37,2026-08-28,746,N20,VIIRS,n,2.0NRT,291.66,5.74,D
21.74418,83.84429,334.37,0.4,0.37,2026-08-28,746,N20,VIIRS,n,2.0NRT,290.9,5.74,D
21.74754,83.84375,344.84,0.4,0.37,2026-08-28,746,N20,VIIRS,n,2.0NRT,293.22,5.74,D
21.75426,83.84266,336.85,0.4,0.37,2026-08-28,746,N20,VIIRS,n,2.0NRT,291.59,4.53,D
21.76207,83.84924,333.38,0.4,0.37,2026-08-28,746,N20,VIIRS,n,2.0NRT,291.87,4.28,D
22.37538,87.27899,330.44,0.57,0.43,2026-08-28,746,N20,VIIRS,n,2.0NRT,292.8,10.47,D
23.80325,86.33153,341.8,0.52,0.42,2026-08-28,748,N20,VIIRS,n,2.0NRT,289.84,5.56,D
25.03555,87.38821,331.96,0.41,0.45,2026-08-28,748,N20,VIIRS,n,2.0NRT,295.33,3.03,D
27.43482,70.8578,340,0.35,0.57,2026-08-28,750,N20,VIIRS,n,2.0NRT,304.94,2.03,D
33.23374,71.51796,332.14,0.48,0.48,2026-08-28,750,N20,VIIRS,n,2.0NRT,300.93,2.26,D