latitude,longitude,brightness,scan,track,acq_date,acq_time,satellite,instrument,confidence,version,brightness_bg,frp,daynight,source,cross_source_count
20.96418,94.86232,333.63,0.39,0.36,2026-08-24,701,N,VIIRS,n,2.0NRT,291.78,1.74,D,VIIRS_SNPP_NRT,1
9.30457,78.81348,334.81,0.62,0.54,2026-08-27,744,N,VIIRS,n,2.0NRT,296.26,0.98,D,VIIRS_SNPP_NRT,1
9.20093,77.46384,331.96,0.38,0.59,2026-08-27,744,N,VIIRS,n,2.0NRT,295.68,1.61,D,VIIRS_SNPP_NRT,1
9.13851,80.74121,330.75,0.46,0.47,2026-08-27,744,N,VIIRS,n,2.0NRT,296.36,5.95,D,VIIRS_SNPP_NRT,1
9.13252,77.84334,338.51,0.36,0.58,2026-08-27,744,N,VIIRS,n,2.0NRT,296.56,3.68,D,VIIRS_SNPP_NRT,1
9.1307,77.84574,335.59,0.36,0.58,2026-08-27,744,N,VIIRS,n,2.0NRT,296.02,4.28,D,VIIRS_SNPP_NRT,1
8.93558,77.80733,336.01,0.37,0.58,2026-08-27,744,N,VIIRS,n,2.0NRT,294.19,2.63,D,VIIRS_SNPP_NRT,1
8.92234,80.68958,340.84,0.47,0.48,2026-08-27,744,N,VIIRS,n,2.0NRT,287.91,5.85,D,VIIRS_SNPP_NRT,1
8.90006,80.48241,343.34,0.49,0.48,2026-08-27,744,N,VIIRS,n,2.0NRT,287.95,5.58,D,VIIRS_SNPP_NRT,2
8.53767,77.95551,330.37,0.37,0.58,2026-08-27,744,N,VIIRS,n,2.0NRT,291.3,2.88,D,VIIRS_SNPP_NRT,1
8.53706,77.95217,335.66,0.37,0.58,2026-08-27,744,N,VIIRS,n,2.0NRT,291.67,2.88,D,VIIRS_SNPP_NRT,1
8.49397,80.63341,341.23,0.48,0.48,2026-08-27,741,N,VIIRS,n,2.0NRT,292.78,4.77,D,VIIRS_SNPP_NRT,1
8.39403,81.18223,333.39,0.45,0.47,2026-08-27,741,N,VIIRS,n,2.0NRT,292.71,2.83,D,VIIRS_SNPP_NRT,1
8.18817,81.2166,332.07,0.45,0.47,2026-08-27,741,N,VIIRS,n,2.0NRT,296.28,2.87,D,VIIRS_SNPP_NRT,2
8.18388,81.21734,335.58,0.45,0.47,2026-08-27,741,N,VIIRS,n,2.0NRT,295.36,3.52,D,VIIRS_SNPP_NRT,1
8.18319,81.21323,333.47,0.45,0.47,2026-08-27,741,N,VIIRS,n,2.0NRT,297.42,4.85,D,VIIRS_SNPP_NRT,1
8.16389,81.33283,331.58,0.44,0.46,2026-08-27,741,N,VIIRS,n,2.0NRT,297.15,2.9,D,VIIRS_SNPP_NRT,2
8.07976,81.34676,341.29,0.44,0.46,2026-08-27,741,N,VIIRS,n,2.0NRT,297.32,3.62,D,VIIRS_SNPP_NRT,2
33.27002,71.31249,321.14,0.56,0.69,2026-08-26,2212,N,VIIRS,n,2.0NRT,291.23,2.72,N,VIIRS_SNPP_NRT,1
32.88802,71.61938,305.79,0.6,0.71,2026-08-26,2212,N,VIIRS,n,2.0NRT,292.02,2.92,N,VIIRS_SNPP_NRT,2
32.29206,70.73114,305.52,0.56,0.69,2026-08-26,2212,N,VIIRS,n,2.0NRT,292.87,2.11,N,VIIRS_SNPP_NRT,1
11.81618,77.91673,315.08,0.4,0.37,2026-08-26,2038,N,VIIRS,n,2.0NRT,286.24,2.03,N,VIIRS_SNPP_NRT,1
9.30486,78.81577,336.81,0.62,0.54,2026-08-27,744,N,VIIRS,n,2.0NRT,296.38,6.54,D,VIIRS_SNPP_NRT,1
11.80979,77.00835,302.99,0.38,0.36,2026-08-26,2038,N,VIIRS,n,2.0NRT,272.49,0.44,N,VIIRS_SNPP_NRT,1
9.38627,80.50593,341.96,0.48,0.48,2026-08-27,744,N,VIIRS,n,2.0NRT,296.78,3.62,D,VIIRS_SNPP_NRT,1
9.42552,80.37328,340.3,0.49,0.48,2026-08-27,744,N,VIIRS,n,2.0NRT,295.98,7.33,D,VIIRS_SNPP_NRT,1
31.39786,72.4391,334.97,0.58,0.52,2026-08-27,750,N,VIIRS,n,2.0NRT,299.15,5.73,D,VIIRS_SNPP_NRT,1
31.39734,72.43457,343.26,0.58,0.52,2026-08-27,750,N,VIIRS,n,2.0NRT,299.32,6.59,D,VIIRS_SNPP_NRT,1
30.60386,74.03584,337.14,0.49,0.48,2026-08-27,750,N,VIIRS,n,2.0NRT,298.61,3.14,D,VIIRS_SNPP_NRT,1
29.70477,72.60225,337.54,0.62,0.54,2026-08-27,750,N,VIIRS,n,2.0NRT,293.84,4.11,D,VIIRS_SNPP_NRT,1
29.47649,70.75252,330.8,0.4,0.6,2026-08-27,750,N,VIIRS,n,2.0NRT,299.04,2.16,D,VIIRS_SNPP_NRT,1
27.73219,68.73432,334.98,0.57,0.69,2026-08-27,748,N,VIIRS,n,2.0NRT,295.92,6.08,D,VIIRS_SNPP_NRT,2
27.26775,88.31142,332.2,0.4,0.44,2026-08-27,748,N,VIIRS,n,2.0NRT,278.62,4.19,D,VIIRS_SNPP_NRT,1
26.63397,70.38496,340.33,0.49,0.65,2026-08-27,748,N,VIIRS,n,2.0NRT,300.41,3.37,D,VIIRS_SNPP_NRT,1
26.63018,70.38756,336.05,0.49,0.65,2026-08-27,748,N,VIIRS,n,2.0NRT,299.79,4.07,D,VIIRS_SNPP_NRT,2
20.884,84.98126,330.65,0.39,0.36,2026-08-27,746,N,VIIRS,n,2.0NRT,295.69,2.97,D,VIIRS_SNPP_NRT,1
20.86458,84.98833,338.21,0.39,0.36,2026-08-27,746,N,VIIRS,n,2.0NRT,293.29,4.15,D,VIIRS_SNPP_NRT,1
20.78782,85.26209,335.01,0.39,0.36,2026-08-27,746,N,VIIRS,n,2.0NRT,289.15,1.55,D,VIIRS_SNPP_NRT,1
17.64342,74.69589,335.54,0.41,0.61,2026-08-27,746,N,VIIRS,n,2.0NRT,291.34,4.07,D,VIIRS_SNPP_NRT,1
12.19828,79.71751,331.74,0.48,0.48,2026-08-27,744,N,VIIRS,n,2.0NRT,293.89,2.89,D,VIIRS_SNPP_NRT,2
11.69187,79.39234,332.69,0.52,0.5,2026-08-27,744,N,VIIRS,n,2.0NRT,295.48,1.98,D,VIIRS_SNPP_NRT,1
10.99141,78.89906,338.6,0.57,0.52,2026-08-27,744,N,VIIRS,n,2.0NRT,298.76,10.52,D,VIIRS_SNPP_NRT,1
10.87787,77.24078,330.18,0.37,0.58,2026-08-27,744,N,VIIRS,n,2.0NRT,295.55,3.26,D,VIIRS_SNPP_NRT,1
10.28012,78.98431,339.64,0.58,0.52,2026-08-27,744,N,VIIRS,n,2.0NRT,296.95,7.07,D,VIIRS_SNPP_NRT,1
10.02469,78.36389,334.84,0.32,0.55,2026-08-27,744,N,VIIRS,n,2.0NRT,295.39,2.55,D,VIIRS_SNPP_NRT,1
9.9931,79.18903,333.06,0.57,0.52,2026-08-27,744,N,VIIRS,n,2.0NRT,295.75,1.7,D,VIIRS_SNPP_NRT,1
9.91843,77.93557,335.55,0.35,0.56,2026-08-27,744,N,VIIRS,n,2.0NRT,294.03,2.57,D,VIIRS_SNPP_NRT,1
9.45494,80.49021,344.21,0.48,0.48,2026-08-27,744,N,VIIRS,n,2.0NRT,295.5,5.54,D,VIIRS_SNPP_NRT,2
9.4147,80.41617,330.97,0.48,0.48,2026-08-27,744,N,VIIRS,n,2.0NRT,295.31,2.19,D,VIIRS_SNPP_NRT,1
31.4112,72.16735,336.49,0.6,0.53,2026-08-27,750,N,VIIRS,n,2.0NRT,298.2,4.74,D,VIIRS_SNPP_NRT,1
11.2694,80.00464,310.68,0.47,0.4,2026-08-26,2038,N,VIIRS,n,2.0NRT,285.63,1.4,N,VIIRS_SNPP_NRT,1
18.95733,73.94366,324.36,0.53,0.42,2026-08-26,2036,N,VIIRS,n,2.0NRT,290.0,2.23,N,VIIRS_SNPP_NRT,2
15.01486,79.80273,316.21,0.43,0.38,2026-08-26,2036,N,VIIRS,n,2.0NRT,292.67,4.81,N,VIIRS_SNPP_NRT,1
15.0046,77.00061,310.42,0.39,0.36,2026-08-26,2036,N,VIIRS,n,2.0NRT,292.26,0.69,N,VIIRS_SNPP_NRT,2
13.8324,79.25771,300.63,0.42,0.37,2026-08-26,2036,N,VIIRS,n,2.0NRT,283.62,0.19,N,VIIRS_SNPP_NRT,1
13.70935,79.61942,304.18,0.43,0.38,2026-08-26,2036,N,VIIRS,n,2.0NRT,281.75,0.92,N,VIIRS_SNPP_NRT,2
13.62073,78.48496,299.89,0.4,0.37,2026-08-26,2036,N,VIIRS,n,2.0NRT,281.72,0.4,N,VIIRS_SNPP_NRT,1
23.79604,86.28603,299.33,0.46,0.47,2026-08-26,2034,N,VIIRS,n,2.0NRT,285.08,1.39,N,VIIRS_SNPP_NRT,1
23.79305,86.23392,297.85,0.46,0.47,2026-08-26,2034,N,VIIRS,n,2.0NRT,284.98,3.42,N,VIIRS_SNPP_NRT,1
23.69875,87.09306,301.23,0.52,0.5,2026-08-26,2034,N,VIIRS,n,2.0NRT,285.24,2.02,N,VIIRS_SNPP_NRT,1
23.61457,86.79169,311.36,0.5,0.49,2026-08-26,2034,N,VIIRS,n,2.0NRT,287.95,3.56,N,VIIRS_SNPP_NRT,1
23.56083,87.22818,300.7,0.53,0.5,2026-08-26,2034,N,VIIRS,n,2.0NRT,280.42,2.21,N,VIIRS_SNPP_NRT,1
23.12196,70.08334,311.0,0.34,0.56,2026-08-26,2034,N,VIIRS,n,2.0NRT,290.15,1.48,N,VIIRS_SNPP_NRT,1
22.92565,69.82343,303.65,0.35,0.57,2026-08-26,2034,N,VIIRS,n,2.0NRT,290.14,0.67,N,VIIRS_SNPP_NRT,1
22.9245,69.82229,301.64,0.35,0.57,2026-08-26,2034,N,VIIRS,n,2.0NRT,290.12,1.76,N,VIIRS_SNPP_NRT,1
20.86715,84.99306,303.85,0.43,0.46,2026-08-26,2034,N,VIIRS,n,2.0NRT,281.88,2.21,N,VIIRS_SNPP_NRT,1
20.86633,84.99726,302.62,0.43,0.46,2026-08-26,2034,N,VIIRS,n,2.0NRT,282.26,1.86,N,VIIRS_SNPP_NRT,1
20.86377,84.98796,331.05,0.43,0.46,2026-08-26,2034,N,VIIRS,n,2.0NRT,283.25,2.41,N,VIIRS_SNPP_NRT,2
20.79388,85.25462,303.84,0.45,0.47,2026-08-26,2034,N,VIIRS,n,2.0NRT,286.57,1.13,N,VIIRS_SNPP_NRT,2
20.79303,85.25893,302.21,0.45,0.47,2026-08-26,2034,N,VIIRS,n,2.0NRT,287.06,1.13,N,VIIRS_SNPP_NRT,2
33.40668,71.93626,315.38,0.34,0.56,2026-08-26,2032,N,VIIRS,n,2.0NRT,295.4,0.93,N,VIIRS_SNPP_NRT,1
15.02314,78.01447,308.69,0.39,0.36,2026-08-26,2036,N,VIIRS,n,2.0NRT,280.87,1.12,N,VIIRS_SNPP_NRT,1
11.18108,79.10128,303.57,0.43,0.38,2026-08-26,2038,N,VIIRS,n,2.0NRT,285.73,0.43,N,VIIRS_SNPP_NRT,1
15.16735,76.6746,304.85,0.39,0.36,2026-08-26,2036,N,VIIRS,n,2.0NRT,285.55,0.5,N,VIIRS_SNPP_NRT,1
15.16815,76.38161,308.5,0.39,0.36,2026-08-26,2036,N,VIIRS,n,2.0NRT,288.52,1.39,N,VIIRS_SNPP_NRT,2
18.68391,73.0312,312.29,0.39,0.44,2026-08-26,2036,N,VIIRS,n,2.0NRT,291.47,2.8,N,VIIRS_SNPP_NRT,2
18.68293,73.03869,308.16,0.39,0.44,2026-08-26,2036,N,VIIRS,n,2.0NRT,291.72,2.52,N,VIIRS_SNPP_NRT,2
16.63467,74.34213,301.82,0.47,0.4,2026-08-26,2036,N,VIIRS,n,2.0NRT,290.9,0.52,N,VIIRS_SNPP_NRT,1
15.68362,78.45876,306.97,0.39,0.36,2026-08-26,2036,N,VIIRS,n,2.0NRT,292.66,0.94,N,VIIRS_SNPP_NRT,1
15.33239,76.28411,306.46,0.4,0.37,2026-08-26,2036,N,VIIRS,n,2.0NRT,287.96,0.93,N,VIIRS_SNPP_NRT,2
15.30111,76.21888,304.95,0.4,0.37,2026-08-26,2036,N,VIIRS,n,2.0NRT,289.96,0.69,N,VIIRS_SNPP_NRT,2
15.18476,76.66579,311.2,0.39,0.36,2026-08-26,2036,N,VIIRS,n,2.0NRT,290.28,1.57,N,VIIRS_SNPP_NRT,2
15.18476,76.64362,304.82,0.39,0.36,2026-08-26,2036,N,VIIRS,n,2.0NRT,289.85,0.6,N,VIIRS_SNPP_NRT,2
15.17922,76.67965,309.1,0.39,0.36,2026-08-26,2036,N,VIIRS,n,2.0NRT,291.74,1.91,N,VIIRS_SNPP_NRT,2
15.17826,77.10178,302.31,0.39,0.36,2026-08-26,2036,N,VIIRS,n,2.0NRT,285.43,0.81,N,VIIRS_SNPP_NRT,2
15.17736,76.65406,327.76,0.39,0.36,2026-08-26,2036,N,VIIRS,n,2.0NRT,291.09,2.93,N,VIIRS_SNPP_NRT,1
15.1768,76.65766,332.51,0.39,0.36,2026-08-26,2036,N,VIIRS,n,2.0NRT,290.69,2.93,N,VIIRS_SNPP_NRT,2
15.17495,77.10123,306.08,0.39,0.36,2026-08-26,2036,N,VIIRS,n,2.0NRT,287.24,0.81,N,VIIRS_SNPP_NRT,1
15.17453,76.69421,316.22,0.39,0.36,2026-08-26,2036,N,VIIRS,n,2.0NRT,290.04,1.32,N,VIIRS_SNPP_NRT,1
15.17403,76.65352,310.22,0.39,0.36,2026-08-26,2036,N,VIIRS,n,2.0NRT,286.79,1.0,N,VIIRS_SNPP_NRT,2
15.17348,76.65711,311.66,0.39,0.36,2026-08-26,2036,N,VIIRS,n,2.0NRT,287.35,1.0,N,VIIRS_SNPP_NRT,2
15.1731,76.78556,304.39,0.39,0.36,2026-08-26,2036,N,VIIRS,n,2.0NRT,291.16,0.82,N,VIIRS_SNPP_NRT,1
31.45704,72.16631,341.89,0.6,0.53,2026-08-27,750,N,VIIRS,n,2.0NRT,298.62,8.53,D,VIIRS_SNPP_NRT,1
30.17456,72.42779,331.62,0.78,0.78,2026-08-27,930,N,VIIRS,n,2.0NRT,292.92,8.86,D,VIIRS_SNPP_NRT,1
8.72874,78.1054,335.79,0.73,0.76,2026-08-28,724,N,VIIRS,n,2.0NRT,291.61,9.62,D,VIIRS_SNPP_NRT,2
8.72573,80.74754,337.93,0.49,0.65,2026-08-28,724,N,VIIRS,n,2.0NRT,291.49,7.24,D,VIIRS_SNPP_NRT,2
8.71467,77.97586,332.45,0.75,0.77,2026-08-28,724,N,VIIRS,n,2.0NRT,291.91,6.6,D,VIIRS_SNPP_NRT,2
8.66278,81.14859,330.04,0.46,0.64,2026-08-28,724,N,VIIRS,n,2.0NRT,287.35,2.39,D,VIIRS_SNPP_NRT,1
8.57365,80.37617,329.17,0.52,0.67,2026-08-28,724,N,VIIRS,n,2.0NRT,282.05,3.95,D,VIIRS_SNPP_NRT,1
29.91607,74.94938,305.84,0.6,0.7,2026-08-27,2155,N,VIIRS,n,2.0NRT,292.75,14.38,N,VIIRS_SNPP_NRT,1
29.91466,74.95614,306.96,0.6,0.7,2026-08-27,2155,N,VIIRS,n,2.0NRT,293.04,15.44,N,VIIRS_SNPP_NRT,1
29.91005,74.94773,319.45,0.6,0.7,2026-08-27,2155,N,VIIRS,n,2.0NRT,292.36,28.69,N,VIIRS_SNPP_NRT,2
29.47338,76.864,304.0,0.78,0.78,2026-08-27,2155,N,VIIRS,n,2.0NRT,286.48,2.54,N,VIIRS_SNPP_NRT,1
33.80159,72.09836,307.55,0.33,0.55,2026-08-27,2153,N,VIIRS,n,2.0NRT,294.52,0.73,N,VIIRS_SNPP_NRT,1
33.29675,71.1889,308.48,0.61,0.53,2026-08-27,2153,N,VIIRS,n,2.0NRT,294.71,0.62,N,VIIRS_SNPP_NRT,2
32.88834,71.61575,316.14,0.33,0.55,2026-08-27,2153,N,VIIRS,n,2.0NRT,296.86,1.67,N,VIIRS_SNPP_NRT,2
28.42398,69.70206,310.73,0.32,0.55,2026-08-27,2153,N,VIIRS,n,2.0NRT,296.06,1.46,N,VIIRS_SNPP_NRT,1
15.33447,76.2467,304.65,0.44,0.46,2026-08-27,2019,N,VIIRS,n,2.0NRT,290.98,0.65,N,VIIRS_SNPP_NRT,1
15.33388,76.28443,306.14,0.44,0.46,2026-08-27,2019,N,VIIRS,n,2.0NRT,289.24,1.24,N,VIIRS_SNPP_NRT,2
15.17564,77.10123,299.95,0.39,0.44,2026-08-27,2019,N,VIIRS,n,2.0NRT,280.76,1.48,N,VIIRS_SNPP_NRT,1
15.17371,76.65434,309.23,0.42,0.45,2026-08-27,2019,N,VIIRS,n,2.0NRT,285.98,2.19,N,VIIRS_SNPP_NRT,1
15.17269,76.6937,297.01,0.41,0.45,2026-08-27,2019,N,VIIRS,n,2.0NRT,273.2,1.21,N,VIIRS_SNPP_NRT,2
8.97291,80.68935,336.86,0.49,0.65,2026-08-28,724,N,VIIRS,n,2.0NRT,287.05,7.29,D,VIIRS_SNPP_NRT,1
9.27714,78.39496,335.92,0.69,0.74,2026-08-28,724,N,VIIRS,n,2.0NRT,290.19,4.62,D,VIIRS_SNPP_NRT,2
29.27299,71.17931,347.95,0.34,0.56,2026-08-28,909,N,VIIRS,n,2.0NRT,299.55,3.38,D,VIIRS_SNPP_NRT,1
25.94344,72.1987,330.75,0.36,0.57,2026-08-28,909,N,VIIRS,n,2.0NRT,298.95,21.83,D,VIIRS_SNPP_NRT,1
25.9428,72.19143,351.1,0.36,0.57,2026-08-28,909,N,VIIRS,n,2.0NRT,296.52,18.43,D,VIIRS_SNPP_NRT,1
24.84141,68.06506,342.24,0.39,0.44,2026-08-28,909,N,VIIRS,n,2.0NRT,304.84,3.72,D,VIIRS_SNPP_NRT,1
22.92944,70.106,336.34,0.49,0.48,2026-08-28,907,N,VIIRS,n,2.0NRT,295.78,4.39,D,VIIRS_SNPP_NRT,1
9.41621,77.50993,334.29,0.5,0.66,2026-08-28,905,N,VIIRS,n,2.0NRT,297.25,2.78,D,VIIRS_SNPP_NRT,1
9.33131,77.52667,334.29,0.5,0.66,2026-08-28,905,N,VIIRS,n,2.0NRT,297.26,1.72,D,VIIRS_SNPP_NRT,1
9.33079,77.52433,334.37,0.5,0.66,2026-08-28,905,N,VIIRS,n,2.0NRT,297.58,4.97,D,VIIRS_SNPP_NRT,1
9.27846,78.39858,336.74,0.57,0.69,2026-08-28,905,N,VIIRS,n,2.0NRT,293.77,6.18,D,VIIRS_SNPP_NRT,2
28.31779,95.1801,329.86,0.54,0.51,2026-08-28,729,N,VIIRS,n,2.0NRT,290.37,4.86,D,VIIRS_SNPP_NRT,1
26.60799,90.33498,336.49,0.43,0.38,2026-08-28,729,N,VIIRS,n,2.0NRT,289.46,5.57,D,VIIRS_SNPP_NRT,1
22.377,87.2805,341.05,0.4,0.37,2026-08-28,729,N,VIIRS,n,2.0NRT,291.28,7.49,D,VIIRS_SNPP_NRT,2
22.36216,87.01751,332.41,0.4,0.37,2026-08-28,729,N,VIIRS,n,2.0NRT,295.92,4.8,D,VIIRS_SNPP_NRT,1
21.74797,83.84405,332.09,0.55,0.43,2026-08-28,729,N,VIIRS,n,2.0NRT,289.1,4.65,D,VIIRS_SNPP_NRT,2
15.76769,79.49413,331.28,0.44,0.62,2026-08-28,726,N,VIIRS,n,2.0NRT,292.63,3.29,D,VIIRS_SNPP_NRT,1
15.63637,79.58625,330.26,0.44,0.62,2026-08-28,726,N,VIIRS,n,2.0NRT,295.72,4.78,D,VIIRS_SNPP_NRT,2
15.02867,79.75406,334.11,0.44,0.62,2026-08-28,726,N,VIIRS,n,2.0NRT,296.17,2.51,D,VIIRS_SNPP_NRT,1
14.75162,79.71841,330.88,0.45,0.63,2026-08-28,726,N,VIIRS,n,2.0NRT,293.97,2.94,D,VIIRS_SNPP_NRT,1
14.49187,79.7094,335.09,0.45,0.63,2026-08-28,726,N,VIIRS,n,2.0NRT,297.62,5.47,D,VIIRS_SNPP_NRT,2
15.07126,76.86606,302.03,0.4,0.44,2026-08-27,2019,N,VIIRS,n,2.0NRT,286.05,1.52,N,VIIRS_SNPP_NRT,1
13.82483,79.2569,309.05,0.44,0.38,2026-08-27,2019,N,VIIRS,n,2.0NRT,292.0,1.07,N,VIIRS_SNPP_NRT,1
29.91002,74.94289,346.19,0.4,0.6,2026-08-27,2014,N,VIIRS,n,2.0NRT,292.71,12.52,N,VIIRS_SNPP_NRT,2
29.457,76.86609,334.4,0.61,0.53,2026-08-27,2014,N,VIIRS,n,2.0NRT,289.84,7.66,N,VIIRS_SNPP_NRT,2
29.08417,88.0132,300.12,0.42,0.37,2026-08-27,2014,N,VIIRS,n,2.0NRT,280.25,1.48,N,VIIRS_SNPP_NRT,1
25.81079,88.8863,303.34,0.49,0.4,2026-08-27,2014,N,VIIRS,n,2.0NRT,286.07,3.4,N,VIIRS_SNPP_NRT,1
23.84105,85.30284,296.4,0.39,0.36,2026-08-27,2014,N,VIIRS,n,2.0NRT,270.04,0.35,N,VIIRS_SNPP_NRT,1
23.69652,85.29062,304.11,0.39,0.36,2026-08-27,2014,N,VIIRS,n,2.0NRT,279.36,0.74,N,VIIRS_SNPP_NRT,1
23.68629,87.12115,295.74,0.44,0.38,2026-08-27,2014,N,VIIRS,n,2.0NRT,261.37,0.41,N,VIIRS_SNPP_NRT,1
23.66489,87.16066,304.31,0.44,0.38,2026-08-27,2014,N,VIIRS,n,2.0NRT,275.89,0.75,N,VIIRS_SNPP_NRT,1
23.56085,87.2383,327.01,0.44,0.38,2026-08-27,2014,N,VIIRS,n,2.0NRT,278.76,1.94,N,VIIRS_SNPP_NRT,2
23.55232,87.24541,308.68,0.44,0.39,2026-08-27,2014,N,VIIRS,n,2.0NRT,275.15,0.54,N,VIIRS_SNPP_NRT,1
23.54881,87.24468,296.44,0.44,0.39,2026-08-27,2014,N,VIIRS,n,2.0NRT,266.9,0.54,N,VIIRS_SNPP_NRT,1
22.79055,86.20983,306.4,0.41,0.37,2026-08-27,2014,N,VIIRS,n,2.0NRT,278.4,1.08,N,VIIRS_SNPP_NRT,1
22.78921,86.19717,327.01,0.41,0.37,2026-08-27,2014,N,VIIRS,n,2.0NRT,278.39,3.24,N,VIIRS_SNPP_NRT,1
22.3771,87.27546,307.83,0.46,0.39,2026-08-27,2014,N,VIIRS,n,2.0NRT,286.36,1.49,N,VIIRS_SNPP_NRT,2
22.36518,87.3004,323.59,0.46,0.39,2026-08-27,2014,N,VIIRS,n,2.0NRT,287.19,3.88,N,VIIRS_SNPP_NRT,2
22.3576,87.29176,305.77,0.46,0.39,2026-08-27,2014,N,VIIRS,n,2.0NRT,285.89,1.78,N,VIIRS_SNPP_NRT,1
22.24742,87.38844,309.29,0.46,0.39,2026-08-27,2014,N,VIIRS,n,2.0NRT,285.15,1.81,N,VIIRS_SNPP_NRT,1
15.02335,78.01398,308.39,0.52,0.41,2026-08-27,2019,N,VIIRS,n,2.0NRT,285.12,2.22,N,VIIRS_SNPP_NRT,1
8.99971,80.67416,308.64,0.38,0.36,2026-08-27,2017,N,VIIRS,n,2.0NRT,291.14,1.16,N,VIIRS_SNPP_NRT,2
13.70962,79.61949,310.51,0.42,0.38,2026-08-27,2019,N,VIIRS,n,2.0NRT,292.96,1.84,N,VIIRS_SNPP_NRT,1
13.39244,80.10186,316.57,0.41,0.37,2026-08-27,2019,N,VIIRS,n,2.0NRT,295.63,2.51,N,VIIRS_SNPP_NRT,2
8.41052,80.75783,302.76,0.38,0.36,2026-08-27,2019,N,VIIRS,n,2.0NRT,286.31,0.38,N,VIIRS_SNPP_NRT,1
8.30766,77.63818,310.18,0.46,0.39,2026-08-27,2019,N,VIIRS,n,2.0NRT,293.28,1.33,N,VIIRS_SNPP_NRT,1
8.30407,77.63763,313.44,0.46,0.39,2026-08-27,2019,N,VIIRS,n,2.0NRT,293.13,1.33,N,VIIRS_SNPP_NRT,2
22.38937,73.11508,295.06,0.43,0.62,2026-08-27,2017,N,VIIRS,n,2.0NRT,272.37,0.59,N,VIIRS_SNPP_NRT,1
21.10433,72.64272,305.89,0.45,0.63,2026-08-27,2017,N,VIIRS,n,2.0NRT,264.87,2.66,N,VIIRS_SNPP_NRT,1
17.95681,80.78843,308.3,0.42,0.37,2026-08-27,2017,N,VIIRS,n,2.0NRT,291.87,3.03,N,VIIRS_SNPP_NRT,2
17.95565,80.79626,317.3,0.42,0.37,2026-08-27,2017,N,VIIRS,n,2.0NRT,291.82,2.91,N,VIIRS_SNPP_NRT,1
17.46458,80.65409,319.97,0.42,0.37,2026-08-27,2017,N,VIIRS,n,2.0NRT,292.22,2.91,N,VIIRS_SNPP_NRT,2
16.54488,79.75774,307.31,0.44,0.39,2026-08-27,2017,N,VIIRS,n,2.0NRT,293.17,3.09,N,VIIRS_SNPP_NRT,1
15.99257,78.3996,304.82,0.51,0.41,2026-08-27,2017,N,VIIRS,n,2.0NRT,283.96,1.89,N,VIIRS_SNPP_NRT,2
15.84457,79.77414,312.68,0.44,0.38,2026-08-27,2017,N,VIIRS,n,2.0NRT,293.76,3.7,N,VIIRS_SNPP_NRT,2
11.81781,77.91653,311.73,0.48,0.4,2026-08-27,2017,N,VIIRS,n,2.0NRT,289.98,2.88,N,VIIRS_SNPP_NRT,2
11.26739,80.00417,312.59,0.4,0.37,2026-08-27,2017,N,VIIRS,n,2.0NRT,289.69,1.56,N,VIIRS_SNPP_NRT,1
11.18222,79.10208,304.71,0.42,0.38,2026-08-27,2017,N,VIIRS,n,2.0NRT,290.78,2.06,N,VIIRS_SNPP_NRT,2
11.17704,79.08945,307.88,0.42,0.38,2026-08-27,2017,N,VIIRS,n,2.0NRT,291.52,1.27,N,VIIRS_SNPP_NRT,1
11.10949,77.76649,309.44,0.48,0.4,2026-08-27,2017,N,VIIRS,n,2.0NRT,292.92,1.12,N,VIIRS_SNPP_NRT,2
10.14528,78.35623,306.72,0.44,0.38,2026-08-27,2017,N,VIIRS,n,2.0NRT,293.87,0.73,N,VIIRS_SNPP_NRT,1
9.49338,77.62221,302.0,0.47,0.4,2026-08-27,2017,N,VIIRS,n,2.0NRT,281.79,0.44,N,VIIRS_SNPP_NRT,2
33.29676,71.18489,312.33,0.38,0.58,2026-08-26,2032,N,VIIRS,n,2.0NRT,293.68,1.05,N,VIIRS_SNPP_NRT,1
32.57602,72.56142,308.57,0.62,0.54,2026-08-26,2032,N,VIIRS,n,2.0NRT,297.06,4.27,N,VIIRS_SNPP_NRT,2
23.10639,70.1897,306.28,0.38,0.36,2026-08-24,2112,N,VIIRS,n,2.0NRT,295.39,0.54,N,VIIRS_SNPP_NRT,1
23.05546,69.99567,308.71,0.38,0.36,2026-08-24,2112,N,VIIRS,n,2.0NRT,294.75,0.63,N,VIIRS_SNPP_NRT,1
22.93641,69.69853,325.35,0.38,0.36,2026-08-24,2112,N,VIIRS,n,2.0NRT,295.02,2.55,N,VIIRS_SNPP_NRT,1
22.93312,69.69794,324.97,0.38,0.36,2026-08-24,2112,N,VIIRS,n,2.0NRT,295.2,2.55,N,VIIRS_SNPP_NRT,2
22.92933,70.10716,313.68,0.38,0.36,2026-08-24,2112,N,VIIRS,n,2.0NRT,294.86,1.04,N,VIIRS_SNPP_NRT,2
22.34504,69.87063,323.05,0.38,0.36,2026-08-24,2112,N,VIIRS,n,2.0NRT,292.53,1.78,N,VIIRS_SNPP_NRT,1
22.34174,69.87002,322.14,0.38,0.36,2026-08-24,2112,N,VIIRS,n,2.0NRT,292.79,1.78,N,VIIRS_SNPP_NRT,2
22.3408,69.85459,305.94,0.38,0.36,2026-08-24,2112,N,VIIRS,n,2.0NRT,294.23,1.87,N,VIIRS_SNPP_NRT,1
21.11144,72.63482,311.12,0.46,0.39,2026-08-24,2112,N,VIIRS,n,2.0NRT,293.41,2.9,N,VIIRS_SNPP_NRT,1
21.1091,72.64789,309.92,0.46,0.39,2026-08-24,2112,N,VIIRS,n,2.0NRT,293.66,3.01,N,VIIRS_SNPP_NRT,2
21.10352,72.63773,330.98,0.46,0.39,2026-08-24,2112,N,VIIRS,n,2.0NRT,293.45,9.49,N,VIIRS_SNPP_NRT,2
20.91151,71.45895,310.03,0.41,0.37,2026-08-24,2112,N,VIIRS,n,2.0NRT,293.19,1.54,N,VIIRS_SNPP_NRT,1
20.35698,72.95097,301.25,0.48,0.4,2026-08-24,2112,N,VIIRS,n,2.0NRT,288.29,2.0,N,VIIRS_SNPP_NRT,1
32.88977,71.61715,324.91,0.39,0.36,2026-08-24,2110,N,VIIRS,n,2.0NRT,300.33,2.53,N,VIIRS_SNPP_NRT,2
32.71789,72.77715,307.23,0.38,0.36,2026-08-24,2110,N,VIIRS,n,2.0NRT,296.25,0.6,N,VIIRS_SNPP_NRT,1
32.57596,72.56307,317.37,0.38,0.36,2026-08-24,2110,N,VIIRS,n,2.0NRT,299.84,2.72,N,VIIRS_SNPP_NRT,1
32.29401,70.73388,312.37,0.4,0.37,2026-08-24,2110,N,VIIRS,n,2.0NRT,298.06,2.41,N,VIIRS_SNPP_NRT,2
32.28942,70.74173,310.18,0.4,0.37,2026-08-24,2110,N,VIIRS,n,2.0NRT,297.47,2.64,N,VIIRS_SNPP_NRT,2
32.10258,74.17775,313.6,0.4,0.37,2026-08-24,2110,N,VIIRS,n,2.0NRT,297.89,1.18,N,VIIRS_SNPP_NRT,1
32.08799,74.16105,309.75,0.4,0.37,2026-08-24,2110,N,VIIRS,n,2.0NRT,297.87,1.38,N,VIIRS_SNPP_NRT,2
31.25866,76.92591,304.88,0.52,0.42,2026-08-24,2110,N,VIIRS,n,2.0NRT,290.63,1.06,N,VIIRS_SNPP_NRT,1
23.2488,69.87011,307.12,0.38,0.36,2026-08-24,2112,N,VIIRS,n,2.0NRT,295.5,0.82,N,VIIRS_SNPP_NRT,1
29.45879,76.8923,303.48,0.55,0.43,2026-08-24,2110,N,VIIRS,n,2.0NRT,287.77,2.12,N,VIIRS_SNPP_NRT,1
23.25788,70.26331,307.92,0.38,0.36,2026-08-24,2112,N,VIIRS,n,2.0NRT,295.12,0.65,N,VIIRS_SNPP_NRT,1
24.68826,72.99875,309.39,0.43,0.38,2026-08-24,2112,N,VIIRS,n,2.0NRT,290.77,1.05,N,VIIRS_SNPP_NRT,2
8.47277,81.33554,334.73,0.49,0.4,2026-08-25,820,N,VIIRS,n,2.0NRT,282.25,9.87,D,VIIRS_SNPP_NRT,1
8.44847,80.80316,335.04,0.46,0.39,2026-08-25,820,N,VIIRS,n,2.0NRT,284.12,4.05,D,VIIRS_SNPP_NRT,1
8.44372,80.35572,339.94,0.44,0.38,2026-08-25,820,N,VIIRS,n,2.0NRT,291.17,11.18,D,VIIRS_SNPP_NRT,1
8.44314,80.35169,331.81,0.44,0.38,2026-08-25,820,N,VIIRS,n,2.0NRT,290.04,5.12,D,VIIRS_SNPP_NRT,1
8.42392,80.56097,342.91,0.45,0.39,2026-08-25,820,N,VIIRS,n,2.0NRT,290.88,10.47,D,VIIRS_SNPP_NRT,2
8.41851,80.52428,335.59,0.45,0.39,2026-08-25,820,N,VIIRS,n,2.0NRT,290.38,3.76,D,VIIRS_SNPP_NRT,1
8.37075,80.59804,338.74,0.45,0.39,2026-08-25,820,N,VIIRS,n,2.0NRT,291.28,3.91,D,VIIRS_SNPP_NRT,1
8.36105,80.23316,334.08,0.44,0.38,2026-08-25,820,N,VIIRS,n,2.0NRT,288.27,3.9,D,VIIRS_SNPP_NRT,2
8.35207,80.67225,338.64,0.46,0.39,2026-08-25,820,N,VIIRS,n,2.0NRT,290.08,6.02,D,VIIRS_SNPP_NRT,1
8.33228,81.02814,336.9,0.47,0.4,2026-08-25,820,N,VIIRS,n,2.0NRT,289.01,5.71,D,VIIRS_SNPP_NRT,2
8.29243,80.20691,348.62,0.43,0.38,2026-08-25,820,N,VIIRS,n,2.0NRT,287.69,11.89,D,VIIRS_SNPP_NRT,1
8.22376,79.9154,335.11,0.42,0.38,2026-08-25,820,N,VIIRS,n,2.0NRT,289.18,8.69,D,VIIRS_SNPP_NRT,1
8.17185,80.48933,337.53,0.44,0.39,2026-08-25,820,N,VIIRS,n,2.0NRT,291.39,5.88,D,VIIRS_SNPP_NRT,1
29.68351,91.14562,348.33,0.44,0.46,2026-08-25,646,N,VIIRS,n,2.0NRT,300.22,14.14,D,VIIRS_SNPP_NRT,1
29.66602,91.18839,325.57,0.43,0.46,2026-08-25,646,N,VIIRS,n,2.0NRT,292.84,4.17,D,VIIRS_SNPP_NRT,1
18.68722,73.03297,305.75,0.51,0.41,2026-08-24,2114,N,VIIRS,n,2.0NRT,288.63,1.88,N,VIIRS_SNPP_NRT,1
18.68346,73.03221,304.3,0.51,0.41,2026-08-24,2114,N,VIIRS,n,2.0NRT,288.14,1.88,N,VIIRS_SNPP_NRT,1
25.38534,68.57845,316.67,0.41,0.37,2026-08-24,2112,N,VIIRS,n,2.0NRT,295.13,2.22,N,VIIRS_SNPP_NRT,1
24.8168,73.0893,306.65,0.43,0.38,2026-08-24,2112,N,VIIRS,n,2.0NRT,290.19,0.76,N,VIIRS_SNPP_NRT,2
23.3162,70.48951,309.1,0.39,0.36,2026-08-24,2112,N,VIIRS,n,2.0NRT,295.62,1.26,N,VIIRS_SNPP_NRT,1
8.47545,80.57486,334.97,0.45,0.39,2026-08-25,820,N,VIIRS,n,2.0NRT,291.24,3.83,D,VIIRS_SNPP_NRT,1
28.42683,69.69943,316.43,0.4,0.37,2026-08-24,2110,N,VIIRS,n,2.0NRT,297.34,1.17,N,VIIRS_SNPP_NRT,1
26.25756,74.09525,308.52,0.46,0.39,2026-08-24,2110,N,VIIRS,n,2.0NRT,293.4,1.39,N,VIIRS_SNPP_NRT,1
9.61269,80.30055,334.09,0.58,0.52,2026-08-24,839,N,VIIRS,n,2.0NRT,294.89,1.85,D,VIIRS_SNPP_NRT,1
9.42267,80.38055,330.97,0.58,0.52,2026-08-24,839,N,VIIRS,n,2.0NRT,293.91,3.37,D,VIIRS_SNPP_NRT,1
9.4129,80.40137,341.51,0.59,0.52,2026-08-24,839,N,VIIRS,n,2.0NRT,294.88,12.45,D,VIIRS_SNPP_NRT,1
8.92972,80.69118,339.81,0.6,0.53,2026-08-24,839,N,VIIRS,n,2.0NRT,287.48,9.03,D,VIIRS_SNPP_NRT,1
8.86875,78.15804,341.5,0.41,0.45,2026-08-24,839,N,VIIRS,n,2.0NRT,289.45,5.2,D,VIIRS_SNPP_NRT,1
8.86698,78.08605,332.97,0.41,0.45,2026-08-24,839,N,VIIRS,n,2.0NRT,286.72,3.33,D,VIIRS_SNPP_NRT,1
8.62935,80.6543,331.68,0.59,0.53,2026-08-24,839,N,VIIRS,n,2.0NRT,288.33,11.03,D,VIIRS_SNPP_NRT,1
8.61819,80.8364,334.97,0.61,0.53,2026-08-24,839,N,VIIRS,n,2.0NRT,281.66,26.33,D,VIIRS_SNPP_NRT,1
8.61324,80.83712,356.02,0.61,0.53,2026-08-24,839,N,VIIRS,n,2.0NRT,283.41,26.33,D,VIIRS_SNPP_NRT,1
8.56977,80.46552,338.31,0.58,0.52,2026-08-24,839,N,VIIRS,n,2.0NRT,286.46,9.45,D,VIIRS_SNPP_NRT,1
8.56913,80.77627,337.4,0.6,0.53,2026-08-24,839,N,VIIRS,n,2.0NRT,288.92,6.43,D,VIIRS_SNPP_NRT,1
8.49439,80.82851,341.74,0.61,0.53,2026-08-24,839,N,VIIRS,n,2.0NRT,287.07,15.6,D,VIIRS_SNPP_NRT,1
8.30899,80.57829,332.05,0.58,0.52,2026-08-24,839,N,VIIRS,n,2.0NRT,288.19,4.19,D,VIIRS_SNPP_NRT,1
8.01957,80.31305,342.68,0.55,0.51,2026-08-24,839,N,VIIRS,n,2.0NRT,289.59,6.13,D,VIIRS_SNPP_NRT,1
8.01478,80.62977,330.11,0.58,0.52,2026-08-24,839,N,VIIRS,n,2.0NRT,289.11,4.21,D,VIIRS_SNPP_NRT,1
31.99853,78.5369,333.62,0.54,0.68,2026-08-24,705,N,VIIRS,n,2.0NRT,298.58,4.85,D,VIIRS_SNPP_NRT,2
29.66766,91.91384,329.32,0.39,0.36,2026-08-24,703,N,VIIRS,n,2.0NRT,292.36,2.43,D,VIIRS_SNPP_NRT,1
29.08405,88.01155,330.14,0.55,0.43,2026-08-24,703,N,VIIRS,n,2.0NRT,304.52,4.66,D,VIIRS_SNPP_NRT,1
16.55141,82.59755,347.47,0.51,0.66,2026-08-24,841,N,VIIRS,n,2.0NRT,279.29,7.24,D,VIIRS_SNPP_NRT,1
26.87662,73.51538,307.36,0.43,0.38,2026-08-24,2110,N,VIIRS,n,2.0NRT,294.83,1.23,N,VIIRS_SNPP_NRT,1
30.4505,74.18115,332.79,0.44,0.46,2026-08-24,845,N,VIIRS,n,2.0NRT,297.29,4.16,D,VIIRS_SNPP_NRT,1
25.94131,72.19123,311.79,0.4,0.37,2026-08-24,2110,N,VIIRS,n,2.0NRT,295.8,1.76,N,VIIRS_SNPP_NRT,2
33.90868,71.46279,306.75,0.39,0.37,2026-08-24,2108,N,VIIRS,n,2.0NRT,296.36,0.66,N,VIIRS_SNPP_NRT,2
33.85027,72.87061,307.87,0.38,0.36,2026-08-24,2108,N,VIIRS,n,2.0NRT,296.18,1.01,N,VIIRS_SNPP_NRT,1
33.68822,72.71246,313.03,0.38,0.36,2026-08-24,2108,N,VIIRS,n,2.0NRT,295.85,1.55,N,VIIRS_SNPP_NRT,1
33.54464,71.54842,311.57,0.39,0.36,2026-08-24,2108,N,VIIRS,n,2.0NRT,297.55,0.69,N,VIIRS_SNPP_NRT,1
33.29536,71.18689,314.36,0.4,0.37,2026-08-24,2108,N,VIIRS,n,2.0NRT,297.94,0.78,N,VIIRS_SNPP_NRT,2
27.37654,95.08727,307.83,0.39,0.37,2026-08-24,1930,N,VIIRS,n,2.0NRT,286.2,1.51,N,VIIRS_SNPP_NRT,1
23.55243,87.23839,302.43,0.57,0.52,2026-08-24,1930,N,VIIRS,n,2.0NRT,275.19,2.3,N,VIIRS_SNPP_NRT,1
22.86855,86.05769,301.01,0.33,0.56,2026-08-24,1930,N,VIIRS,n,2.0NRT,286.9,0.98,N,VIIRS_SNPP_NRT,1
22.58832,85.90031,303.06,0.34,0.56,2026-08-24,1930,N,VIIRS,n,2.0NRT,286.7,1.24,N,VIIRS_SNPP_NRT,1
22.58314,85.89967,302.78,0.34,0.56,2026-08-24,1930,N,VIIRS,n,2.0NRT,286.6,1.24,N,VIIRS_SNPP_NRT,1
22.56736,85.89178,306.82,0.34,0.56,2026-08-24,1930,N,VIIRS,n,2.0NRT,286.55,1.65,N,VIIRS_SNPP_NRT,1
22.37227,87.27415,325.21,0.55,0.51,2026-08-24,1930,N,VIIRS,n,2.0NRT,288.95,5.77,N,VIIRS_SNPP_NRT,1
22.36172,87.01392,310.09,0.57,0.52,2026-08-24,1930,N,VIIRS,n,2.0NRT,288.97,2.67,N,VIIRS_SNPP_NRT,1
22.3605,87.29447,314.52,0.55,0.51,2026-08-24,1930,N,VIIRS,n,2.0NRT,288.5,3.51,N,VIIRS_SNPP_NRT,2
29.08693,88.00976,296.87,0.6,0.53,2026-08-24,1928,N,VIIRS,n,2.0NRT,278.34,1.73,N,VIIRS_SNPP_NRT,1
31.51264,72.28911,335.05,0.54,0.42,2026-08-24,845,N,VIIRS,n,2.0NRT,301.76,7.14,D,VIIRS_SNPP_NRT,1
31.40357,72.55518,338.43,0.56,0.43,2026-08-24,845,N,VIIRS,n,2.0NRT,299.32,3.16,D,VIIRS_SNPP_NRT,1
31.08036,74.34518,332.85,0.46,0.47,2026-08-24,845,N,VIIRS,n,2.0NRT,297.56,2.38,D,VIIRS_SNPP_NRT,1
30.80869,71.99914,339.51,0.51,0.41,2026-08-24,845,N,VIIRS,n,2.0NRT,300.96,6.94,D,VIIRS_SNPP_NRT,2
30.63301,73.60488,331.62,0.41,0.45,2026-08-24,845,N,VIIRS,n,2.0NRT,298.88,1.26,D,VIIRS_SNPP_NRT,1
29.95974,72.17165,336.35,0.51,0.41,2026-08-24,845,N,VIIRS,n,2.0NRT,300.78,3.61,D,VIIRS_SNPP_NRT,1
8.52343,80.70296,330.42,0.46,0.39,2026-08-25,820,N,VIIRS,n,2.0NRT,287.42,2.65,D,VIIRS_SNPP_NRT,1
33.90289,71.91724,309.84,0.39,0.36,2026-08-24,2108,N,VIIRS,n,2.0NRT,296.82,1.75,N,VIIRS_SNPP_NRT,1
8.53026,80.82647,336.45,0.46,0.39,2026-08-25,820,N,VIIRS,n,2.0NRT,287.83,4.38,D,VIIRS_SNPP_NRT,1
9.00604,80.68044,342.47,0.4,0.37,2026-08-26,801,N,VIIRS,n,2.0NRT,296.42,7.86,D,VIIRS_SNPP_NRT,1
8.54511,80.56976,330.72,0.41,0.37,2026-08-26,801,N,VIIRS,n,2.0NRT,293.93,4.23,D,VIIRS_SNPP_NRT,1
22.4152,69.03896,305.3,0.39,0.44,2026-08-25,2055,N,VIIRS,n,2.0NRT,285.84,1.39,N,VIIRS_SNPP_NRT,2
21.1113,72.63686,301.26,0.4,0.37,2026-08-25,2055,N,VIIRS,n,2.0NRT,279.28,1.51,N,VIIRS_SNPP_NRT,2
21.1062,72.64778,310.96,0.4,0.37,2026-08-25,2055,N,VIIRS,n,2.0NRT,275.72,1.33,N,VIIRS_SNPP_NRT,2
21.10456,72.63571,316.63,0.4,0.37,2026-08-25,2055,N,VIIRS,n,2.0NRT,287.4,3.21,N,VIIRS_SNPP_NRT,2
19.82175,79.2376,301.47,0.39,0.44,2026-08-25,2055,N,VIIRS,n,2.0NRT,286.07,0.86,N,VIIRS_SNPP_NRT,1
14.87239,78.05413,309.87,0.4,0.44,2026-08-25,2055,N,VIIRS,n,2.0NRT,281.77,2.06,N,VIIRS_SNPP_NRT,1
9.70498,77.43482,295.89,0.45,0.47,2026-08-25,2055,N,VIIRS,n,2.0NRT,271.73,1.89,N,VIIRS_SNPP_NRT,1
28.42473,69.69848,315.47,0.43,0.46,2026-08-25,2053,N,VIIRS,n,2.0NRT,297.82,1.64,N,VIIRS_SNPP_NRT,2
26.09389,68.87976,305.55,0.45,0.47,2026-08-25,2053,N,VIIRS,n,2.0NRT,291.38,1.18,N,VIIRS_SNPP_NRT,1
25.9415,72.19053,306.2,0.45,0.39,2026-08-25,2053,N,VIIRS,n,2.0NRT,280.44,0.87,N,VIIRS_SNPP_NRT,3
25.38861,68.58073,319.53,0.46,0.47,2026-08-25,2053,N,VIIRS,n,2.0NRT,295.54,2.1,N,VIIRS_SNPP_NRT,2
22.93312,69.69748,314.65,0.55,0.43,2026-08-25,2053,N,VIIRS,n,2.0NRT,292.93,2.18,N,VIIRS_SNPP_NRT,2
22.03749,83.35403,297.68,0.32,0.55,2026-08-25,2053,N,VIIRS,n,2.0NRT,272.66,1.02,N,VIIRS_SNPP_NRT,1
21.82554,83.90067,298.76,0.35,0.57,2026-08-25,2053,N,VIIRS,n,2.0NRT,272.21,0.53,N,VIIRS_SNPP_NRT,1
21.80072,82.0384,300.33,0.54,0.51,2026-08-25,2053,N,VIIRS,n,2.0NRT,277.59,0.72,N,VIIRS_SNPP_NRT,1
21.80047,83.89091,298.89,0.35,0.57,2026-08-25,2053,N,VIIRS,n,2.0NRT,274.09,0.38,N,VIIRS_SNPP_NRT,1
21.75037,83.84305,301.57,0.35,0.57,2026-08-25,2053,N,VIIRS,n,2.0NRT,274.45,0.9,N,VIIRS_SNPP_NRT,2
9.04064,80.67525,336.15,0.4,0.37,2026-08-26,801,N,VIIRS,n,2.0NRT,297.39,4.64,D,VIIRS_SNPP_NRT,2
9.80408,78.17467,337.02,0.5,0.41,2026-08-26,801,N,VIIRS,n,2.0NRT,296.81,4.0,D,VIIRS_SNPP_NRT,1
9.90871,78.08326,333.9,0.51,0.41,2026-08-26,801,N,VIIRS,n,2.0NRT,295.44,5.83,D,VIIRS_SNPP_NRT,1
10.05334,77.95324,348.01,0.51,0.41,2026-08-26,801,N,VIIRS,n,2.0NRT,296.96,10.17,D,VIIRS_SNPP_NRT,2
8.52601,80.82277,333.46,0.46,0.39,2026-08-25,820,N,VIIRS,n,2.0NRT,290.21,4.38,D,VIIRS_SNPP_NRT,1
29.92137,74.95252,298.99,0.42,0.45,2026-08-26,2032,N,VIIRS,n,2.0NRT,282.32,0.96,N,VIIRS_SNPP_NRT,1
29.39776,70.99824,307.06,0.35,0.57,2026-08-26,2032,N,VIIRS,n,2.0NRT,296.18,0.46,N,VIIRS_SNPP_NRT,1
35.97722,79.17194,296.85,0.46,0.39,2026-08-26,2029,N,VIIRS,n,2.0NRT,274.87,0.62,N,VIIRS_SNPP_NRT,1
35.96835,68.68652,304.54,0.55,0.68,2026-08-26,2029,N,VIIRS,n,2.0NRT,292.26,1.57,N,VIIRS_SNPP_NRT,1
24.92307,92.52792,297.19,0.55,0.68,2026-08-26,1851,N,VIIRS,n,2.0NRT,284.62,4.53,N,VIIRS_SNPP_NRT,1
22.47516,91.73235,303.45,0.58,0.7,2026-08-26,1851,N,VIIRS,n,2.0NRT,282.54,3.27,N,VIIRS_SNPP_NRT,2
30.06765,96.97842,305.39,0.33,0.55,2026-08-26,1849,N,VIIRS,n,2.0NRT,286.67,1.22,N,VIIRS_SNPP_NRT,2
33.57693,74.22216,330.71,0.4,0.37,2026-08-26,807,N,VIIRS,n,2.0NRT,299.53,2.99,D,VIIRS_SNPP_NRT,1
30.37163,73.89048,336.49,0.44,0.38,2026-08-26,807,N,VIIRS,n,2.0NRT,302.65,4.25,D,VIIRS_SNPP_NRT,1
21.7445,83.84505,298.77,0.35,0.57,2026-08-25,2053,N,VIIRS,n,2.0NRT,276.34,2.32,N,VIIRS_SNPP_NRT,1
28.51605,68.00181,336.73,0.32,0.55,2026-08-26,807,N,VIIRS,n,2.0NRT,301.55,1.59,D,VIIRS_SNPP_NRT,1
25.21213,68.3015,334.66,0.36,0.57,2026-08-26,805,N,VIIRS,n,2.0NRT,299.45,2.42,D,VIIRS_SNPP_NRT,1
22.35679,82.30565,330.32,0.45,0.39,2026-08-26,805,N,VIIRS,n,2.0NRT,295.09,5.19,D,VIIRS_SNPP_NRT,1
21.75594,83.84392,339.67,0.53,0.42,2026-08-26,805,N,VIIRS,n,2.0NRT,293.25,10.06,D,VIIRS_SNPP_NRT,1
21.74819,83.84499,338.5,0.53,0.42,2026-08-26,805,N,VIIRS,n,2.0NRT,294.05,5.71,D,VIIRS_SNPP_NRT,3
21.74366,83.84032,332.06,0.53,0.42,2026-08-26,805,N,VIIRS,n,2.0NRT,291.1,5.71,D,VIIRS_SNPP_NRT,2
21.10306,72.64542,336.67,0.47,0.48,2026-08-26,805,N,VIIRS,n,2.0NRT,293.41,4.7,D,VIIRS_SNPP_NRT,2
21.10126,72.63638,355.87,0.47,0.48,2026-08-26,805,N,VIIRS,n,2.0NRT,294.3,11.1,D,VIIRS_SNPP_NRT,2
18.54734,74.17914,332.83,0.42,0.45,2026-08-26,803,N,VIIRS,n,2.0NRT,294.44,5.43,D,VIIRS_SNPP_NRT,1
17.95717,80.79728,333.75,0.39,0.36,2026-08-26,803,N,VIIRS,n,2.0NRT,296.44,3.39,D,VIIRS_SNPP_NRT,1
16.40065,79.36692,335.87,0.39,0.36,2026-08-26,803,N,VIIRS,n,2.0NRT,297.3,4.44,D,VIIRS_SNPP_NRT,1
21.74012,83.84026,308.08,0.35,0.57,2026-08-25,2053,N,VIIRS,n,2.0NRT,277.41,2.32,N,VIIRS_SNPP_NRT,1
21.37644,81.67916,295.33,0.52,0.5,2026-08-25,2053,N,VIIRS,n,2.0NRT,271.65,1.1,N,VIIRS_SNPP_NRT,2
30.55025,73.47831,339.44,0.39,0.36,2026-08-25,826,N,VIIRS,n,2.0NRT,308.94,4.79,D,VIIRS_SNPP_NRT,1
30.41115,73.77779,332.39,0.4,0.37,2026-08-25,826,N,VIIRS,n,2.0NRT,303.01,1.7,D,VIIRS_SNPP_NRT,1
30.26614,72.98603,336.39,0.39,0.36,2026-08-25,826,N,VIIRS,n,2.0NRT,304.45,2.28,D,VIIRS_SNPP_NRT,1
30.16365,72.41509,342.79,0.38,0.36,2026-08-25,826,N,VIIRS,n,2.0NRT,307.09,3.03,D,VIIRS_SNPP_NRT,2
29.78545,72.26527,343.41,0.38,0.36,2026-08-25,826,N,VIIRS,n,2.0NRT,307.31,3.8,D,VIIRS_SNPP_NRT,1
17.08652,79.68517,330.79,0.51,0.41,2026-08-25,822,N,VIIRS,n,2.0NRT,293.24,3.75,D,VIIRS_SNPP_NRT,2
16.00588,79.10636,330.37,0.46,0.39,2026-08-25,822,N,VIIRS,n,2.0NRT,297.38,1.63,D,VIIRS_SNPP_NRT,1
15.65774,78.98273,344.31,0.45,0.39,2026-08-25,822,N,VIIRS,n,2.0NRT,299.23,6.07,D,VIIRS_SNPP_NRT,1
14.86806,79.7366,350.15,0.48,0.4,2026-08-25,822,N,VIIRS,n,2.0NRT,299.64,9.7,D,VIIRS_SNPP_NRT,2
10.2144,79.2453,332.07,0.42,0.37,2026-08-25,822,N,VIIRS,n,2.0NRT,277.4,4.51,D,VIIRS_SNPP_NRT,1
10.21385,79.24151,330.12,0.42,0.37,2026-08-25,822,N,VIIRS,n,2.0NRT,278.65,3.48,D,VIIRS_SNPP_NRT,1
8.7244,80.32823,336.03,0.44,0.39,2026-08-25,820,N,VIIRS,n,2.0NRT,287.31,4.74,D,VIIRS_SNPP_NRT,1
8.69478,80.34908,339.58,0.44,0.39,2026-08-25,820,N,VIIRS,n,2.0NRT,291.26,3.86,D,VIIRS_SNPP_NRT,1
8.67924,80.44233,346.52,0.45,0.39,2026-08-25,820,N,VIIRS,n,2.0NRT,289.13,6.78,D,VIIRS_SNPP_NRT,1
8.66378,80.43628,332.82,0.45,0.39,2026-08-25,820,N,VIIRS,n,2.0NRT,289.17,3.55,D,VIIRS_SNPP_NRT,2
8.63329,80.34522,338.37,0.44,0.39,2026-08-25,820,N,VIIRS,n,2.0NRT,294.85,7.19,D,VIIRS_SNPP_NRT,1
8.62952,80.64198,333.52,0.46,0.39,2026-08-25,820,N,VIIRS,n,2.0NRT,291.64,3.74,D,VIIRS_SNPP_NRT,1
8.59756,80.82961,333.91,0.47,0.39,2026-08-25,820,N,VIIRS,n,2.0NRT,284.88,4.69,D,VIIRS_SNPP_NRT,1
8.58405,80.45564,332.59,0.45,0.39,2026-08-25,820,N,VIIRS,n,2.0NRT,289.38,2.8,D,VIIRS_SNPP_NRT,1
21.46661,80.1269,300.63,0.42,0.45,2026-08-25,2053,N,VIIRS,n,2.0NRT,271.13,0.53,N,VIIRS_SNPP_NRT,1
8.57438,80.56564,343.12,0.45,0.39,2026-08-25,820,N,VIIRS,n,2.0NRT,289.7,4.5,D,VIIRS_SNPP_NRT,1
8.56757,80.34253,334.74,0.44,0.39,2026-08-25,820,N,VIIRS,n,2.0NRT,287.91,3.72,D,VIIRS_SNPP_NRT,1
30.6344,73.05245,336.05,0.39,0.36,2026-08-25,826,N,VIIRS,n,2.0NRT,303.52,4.64,D,VIIRS_SNPP_NRT,1
30.64405,72.29908,333.31,0.38,0.36,2026-08-25,826,N,VIIRS,n,2.0NRT,299.84,2.22,D,VIIRS_SNPP_NRT,1
14.20531,77.38112,337.11,0.39,0.36,2026-08-25,822,N,VIIRS,n,2.0NRT,297.5,3.89,D,VIIRS_SNPP_NRT,1
35.96903,68.68799,304.65,0.59,0.53,2026-08-25,2051,N,VIIRS,n,2.0NRT,293.92,2.05,N,VIIRS_SNPP_NRT,1
18.57702,72.242,318.46,0.4,0.37,2026-08-25,2053,N,VIIRS,n,2.0NRT,287.56,2.8,N,VIIRS_SNPP_NRT,2
17.95771,80.79256,318.24,0.53,0.5,2026-08-25,2053,N,VIIRS,n,2.0NRT,287.88,4.11,N,VIIRS_SNPP_NRT,2
30.85566,71.98112,334.02,0.38,0.36,2026-08-25,826,N,VIIRS,n,2.0NRT,300.18,2.21,D,VIIRS_SNPP_NRT,1
17.95564,80.7951,310.43,0.53,0.5,2026-08-25,2053,N,VIIRS,n,2.0NRT,287.79,1.62,N,VIIRS_SNPP_NRT,1
15.17962,76.67442,300.33,0.5,0.41,2026-08-25,2053,N,VIIRS,n,2.0NRT,283.81,0.71,N,VIIRS_SNPP_NRT,1
15.17508,76.67832,297.22,0.5,0.41,2026-08-25,2053,N,VIIRS,n,2.0NRT,285.37,2.28,N,VIIRS_SNPP_NRT,1
33.6881,72.71527,307.75,0.51,0.41,2026-08-25,2051,N,VIIRS,n,2.0NRT,295.43,0.98,N,VIIRS_SNPP_NRT,1
33.2966,71.18492,314.05,0.4,0.45,2026-08-25,2051,N,VIIRS,n,2.0NRT,296.22,1.13,N,VIIRS_SNPP_NRT,1
32.10264,74.17625,323.42,0.43,0.38,2026-08-25,2051,N,VIIRS,n,2.0NRT,295.14,3.45,N,VIIRS_SNPP_NRT,1
31.61505,74.37461,312.1,0.42,0.38,2026-08-25,2051,N,VIIRS,n,2.0NRT,297.17,0.89,N,VIIRS_SNPP_NRT,1
18.80515,74.26173,306.85,0.39,0.36,2026-08-25,2053,N,VIIRS,n,2.0NRT,290.55,0.58,N,VIIRS_SNPP_NRT,1
27.32489,95.27836,310.53,0.4,0.44,2026-08-25,1910,N,VIIRS,n,2.0NRT,288.02,2.34,N,VIIRS_SNPP_NRT,1
27.31814,95.26488,317.39,0.4,0.45,2026-08-25,1910,N,VIIRS,n,2.0NRT,287.49,2.44,N,VIIRS_SNPP_NRT,1
22.37854,87.27468,305.68,0.55,0.68,2026-08-25,1910,N,VIIRS,n,2.0NRT,275.84,2.05,N,VIIRS_SNPP_NRT,1
22.37812,87.2802,307.89,0.55,0.68,2026-08-25,1910,N,VIIRS,n,2.0NRT,276.62,2.05,N,VIIRS_SNPP_NRT,1
22.36787,87.30032,305.12,0.55,0.68,2026-08-25,1910,N,VIIRS,n,2.0NRT,281.45,1.59,N,VIIRS_SNPP_NRT,2
22.36498,87.01769,302.1,0.57,0.69,2026-08-25,1910,N,VIIRS,n,2.0NRT,277.98,0.5,N,VIIRS_SNPP_NRT,1
22.35603,87.28809,299.91,0.55,0.68,2026-08-25,1910,N,VIIRS,n,2.0NRT,278.54,1.02,N,VIIRS_SNPP_NRT,2
30.8567,71.94377,347.82,0.38,0.36,2026-08-25,826,N,VIIRS,n,2.0NRT,303.01,8.91,D,VIIRS_SNPP_NRT,1
22.24567,87.3872,301.79,0.54,0.68,2026-08-25,1910,N,VIIRS,n,2.0NRT,281.07,0.71,N,VIIRS_SNPP_NRT,1
15.81279,79.73833,335.02,0.39,0.36,2026-08-27,805,N20,VIIRS,n,2.0NRT,289.59,3.1,D,VIIRS_NOAA20_NRT,1
22.7993,86.09131,332.6,0.32,0.54,2026-08-27,805,N20,VIIRS,n,2.0NRT,290.28,2.85,D,VIIRS_NOAA20_NRT,1
20.79344,85.25465,352.45,0.53,0.5,2026-08-27,807,N20,VIIRS,n,2.0NRT,289.7,11.97,D,VIIRS_NOAA20_NRT,1
20.96309,85.18516,332.56,0.53,0.5,2026-08-27,807,N20,VIIRS,n,2.0NRT,291.41,9.71,D,VIIRS_NOAA20_NRT,1
27.72701,68.73575,339.62,0.49,0.48,2026-08-27,807,N20,VIIRS,n,2.0NRT,304.63,5.0,D,VIIRS_NOAA20_NRT,1
31.58428,75.88541,336.5,0.39,0.36,2026-08-27,807,N20,VIIRS,n,2.0NRT,299.75,7.07,D,VIIRS_NOAA20_NRT,1
12.29649,78.82146,334.91,0.39,0.36,2026-08-27,805,N20,VIIRS,n,2.0NRT,300.14,3.56,D,VIIRS_NOAA20_NRT,1
31.07058,74.00562,334.77,0.39,0.36,2026-08-27,807,N20,VIIRS,n,2.0NRT,303.73,7.28,D,VIIRS_NOAA20_NRT,1
12.05728,79.84831,333.91,0.38,0.36,2026-08-27,805,N20,VIIRS,n,2.0NRT,298.98,2.33,D,VIIRS_NOAA20_NRT,1
11.03474,77.58891,337.28,0.43,0.38,2026-08-27,803,N20,VIIRS,n,2.0NRT,302.23,4.86,D,VIIRS_NOAA20_NRT,1
9.9415,78.59012,334.4,0.41,0.37,2026-08-27,803,N20,VIIRS,n,2.0NRT,301.16,2.2,D,VIIRS_NOAA20_NRT,1
8.37496,80.5052,334.35,0.38,0.36,2026-08-27,803,N20,VIIRS,n,2.0NRT,299.22,3.16,D,VIIRS_NOAA20_NRT,1
8.15969,81.32451,338.73,0.39,0.36,2026-08-27,803,N20,VIIRS,n,2.0NRT,301.58,5.72,D,VIIRS_NOAA20_NRT,1
8.00174,80.37679,330.92,0.39,0.36,2026-08-27,803,N20,VIIRS,n,2.0NRT,287.19,2.58,D,VIIRS_NOAA20_NRT,1
8.15307,81.32552,336.44,0.39,0.36,2026-08-27,803,N20,VIIRS,n,2.0NRT,301.16,5.7,D,VIIRS_NOAA20_NRT,1
25.01756,92.04456,296.28,0.63,0.72,2026-08-27,2032,N20,VIIRS,n,2.0NRT,283.92,4.29,N,VIIRS_NOAA20_NRT,1
26.095,68.87718,306.59,0.35,0.56,2026-08-27,2034,N20,VIIRS,n,2.0NRT,294.98,0.57,N,VIIRS_NOAA20_NRT,1
13.82722,79.25863,311.67,0.49,0.41,2026-08-27,2036,N20,VIIRS,n,2.0NRT,291.84,1.24,N,VIIRS_NOAA20_NRT,1
24.00065,90.30868,333.25,0.5,0.66,2026-08-27,625,N20,VIIRS,n,2.0NRT,286.68,4.91,D,VIIRS_NOAA20_NRT,1
15.16878,76.38122,305.46,0.39,0.36,2026-08-27,2036,N20,VIIRS,n,2.0NRT,285.14,1.21,N,VIIRS_NOAA20_NRT,1
28.42546,69.69883,313.97,0.33,0.55,2026-08-27,2034,N20,VIIRS,n,2.0NRT,295.97,0.83,N,VIIRS_NOAA20_NRT,1
25.94402,72.18896,306.37,0.43,0.46,2026-08-27,2034,N20,VIIRS,n,2.0NRT,291.48,1.26,N,VIIRS_NOAA20_NRT,1
23.56168,87.08423,296.94,0.33,0.56,2026-08-27,2034,N20,VIIRS,n,2.0NRT,264.64,0.31,N,VIIRS_NOAA20_NRT,1
23.11632,70.08329,303.57,0.54,0.5,2026-08-27,2034,N20,VIIRS,n,2.0NRT,288.7,1.73,N,VIIRS_NOAA20_NRT,1
22.36412,87.30086,309.14,0.36,0.58,2026-08-27,2034,N20,VIIRS,n,2.0NRT,277.95,1.91,N,VIIRS_NOAA20_NRT,1
21.11086,72.63392,297.67,0.53,0.42,2026-08-27,2034,N20,VIIRS,n,2.0NRT,269.91,0.95,N,VIIRS_NOAA20_NRT,1
35.9672,68.68427,307.11,0.45,0.63,2026-08-27,2032,N20,VIIRS,n,2.0NRT,293.41,1.08,N,VIIRS_NOAA20_NRT,1
35.78201,71.34005,304.0,0.63,0.54,2026-08-27,2032,N20,VIIRS,n,2.0NRT,283.61,1.65,N,VIIRS_NOAA20_NRT,1
33.29906,71.18397,306.52,0.6,0.53,2026-08-27,2032,N20,VIIRS,n,2.0NRT,295.3,0.86,N,VIIRS_NOAA20_NRT,1
32.57745,72.56151,309.4,0.49,0.49,2026-08-27,2032,N20,VIIRS,n,2.0NRT,296.91,3.46,N,VIIRS_NOAA20_NRT,1
32.10194,74.17519,310.2,0.4,0.44,2026-08-27,2032,N20,VIIRS,n,2.0NRT,296.27,1.04,N,VIIRS_NOAA20_NRT,1
20.76468,85.29327,303.89,0.56,0.69,2026-08-26,1915,N20,VIIRS,n,2.0NRT,272.33,2.11,N,VIIRS_NOAA20_NRT,1
29.47616,76.85736,306.91,0.41,0.37,2026-08-26,2051,N20,VIIRS,n,2.0NRT,287.88,1.89,N,VIIRS_NOAA20_NRT,1
28.42557,69.69781,313.35,0.52,0.42,2026-08-26,2051,N20,VIIRS,n,2.0NRT,298.26,1.67,N,VIIRS_NOAA20_NRT,1
28.0541,69.37069,311.29,0.54,0.42,2026-08-26,2051,N20,VIIRS,n,2.0NRT,297.98,0.64,N,VIIRS_NOAA20_NRT,1
26.92686,73.4677,305.99,0.39,0.36,2026-08-26,2051,N20,VIIRS,n,2.0NRT,287.44,1.1,N,VIIRS_NOAA20_NRT,1
26.87866,73.51471,303.59,0.39,0.36,2026-08-26,2051,N20,VIIRS,n,2.0NRT,282.78,1.11,N,VIIRS_NOAA20_NRT,1
26.76138,83.19917,301.41,0.32,0.55,2026-08-26,2051,N20,VIIRS,n,2.0NRT,278.05,0.93,N,VIIRS_NOAA20_NRT,1
23.93222,72.36194,322.77,0.39,0.36,2026-08-26,2051,N20,VIIRS,n,2.0NRT,280.0,1.69,N,VIIRS_NOAA20_NRT,1
23.61789,86.78893,305.36,0.63,0.72,2026-08-26,2051,N20,VIIRS,n,2.0NRT,283.23,1.9,N,VIIRS_NOAA20_NRT,1
35.96973,68.68405,306.16,0.48,0.48,2026-08-26,2049,N20,VIIRS,n,2.0NRT,294.8,1.62,N,VIIRS_NOAA20_NRT,1
33.90435,71.91553,308.79,0.47,0.4,2026-08-26,2049,N20,VIIRS,n,2.0NRT,296.9,1.12,N,VIIRS_NOAA20_NRT,1
33.29755,71.18687,309.27,0.5,0.41,2026-08-26,2049,N20,VIIRS,n,2.0NRT,295.79,0.9,N,VIIRS_NOAA20_NRT,1
32.65508,70.47259,311.74,0.53,0.42,2026-08-26,2049,N20,VIIRS,n,2.0NRT,298.18,1.73,N,VIIRS_NOAA20_NRT,1
32.13151,74.1764,320.32,0.39,0.36,2026-08-26,2049,N20,VIIRS,n,2.0NRT,298.27,1.58,N,VIIRS_NOAA20_NRT,1
32.08615,74.16393,315.28,0.39,0.36,2026-08-26,2049,N20,VIIRS,n,2.0NRT,298.08,1.57,N,VIIRS_NOAA20_NRT,1
20.79809,85.25024,301.94,0.57,0.69,2026-08-26,1915,N20,VIIRS,n,2.0NRT,271.59,2.09,N,VIIRS_NOAA20_NRT,1
20.76191,85.29632,305.1,0.56,0.69,2026-08-26,1915,N20,VIIRS,n,2.0NRT,273.38,1.85,N,VIIRS_NOAA20_NRT,1
21.57795,96.23352,306.36,0.4,0.37,2026-08-26,1913,N20,VIIRS,n,2.0NRT,290.4,2.12,N,VIIRS_NOAA20_NRT,1
20.96951,85.17609,305.91,0.58,0.69,2026-08-26,1913,N20,VIIRS,n,2.0NRT,274.26,3.1,N,VIIRS_NOAA20_NRT,1
20.96356,85.1699,297.9,0.58,0.69,2026-08-26,1913,N20,VIIRS,n,2.0NRT,270.6,2.19,N,VIIRS_NOAA20_NRT,2
15.16954,76.67191,312.8,0.39,0.36,2026-08-27,2036,N20,VIIRS,n,2.0NRT,288.34,2.47,N,VIIRS_NOAA20_NRT,1
20.86702,96.39068,307.67,0.4,0.37,2026-08-26,1913,N20,VIIRS,n,2.0NRT,290.05,1.76,N,VIIRS_NOAA20_NRT,1
32.64449,72.97614,308.74,0.42,0.38,2026-08-26,2049,N20,VIIRS,n,2.0NRT,298.14,2.02,N,VIIRS_NOAA20_NRT,1
18.68589,73.02978,301.74,0.39,0.36,2026-08-26,2053,N20,VIIRS,n,2.0NRT,287.39,0.74,N,VIIRS_NOAA20_NRT,1
13.84619,79.25174,311.52,0.33,0.55,2026-08-26,2055,N20,VIIRS,n,2.0NRT,279.9,1.27,N,VIIRS_NOAA20_NRT,1
13.71613,79.62455,302.5,0.35,0.56,2026-08-26,2055,N20,VIIRS,n,2.0NRT,282.05,0.91,N,VIIRS_NOAA20_NRT,1
11.80962,77.92208,298.71,0.58,0.52,2026-08-26,2055,N20,VIIRS,n,2.0NRT,276.25,0.74,N,VIIRS_NOAA20_NRT,1
23.31667,70.48634,308.92,0.43,0.38,2026-08-26,2053,N20,VIIRS,n,2.0NRT,294.09,1.21,N,VIIRS_NOAA20_NRT,1
23.31464,70.48708,307.11,0.43,0.38,2026-08-26,2053,N20,VIIRS,n,2.0NRT,293.75,1.62,N,VIIRS_NOAA20_NRT,1
22.41633,69.0387,309.0,0.48,0.4,2026-08-26,2053,N20,VIIRS,n,2.0NRT,292.91,2.63,N,VIIRS_NOAA20_NRT,1
22.32132,69.88142,317.54,0.44,0.38,2026-08-26,2053,N20,VIIRS,n,2.0NRT,287.39,1.49,N,VIIRS_NOAA20_NRT,1
21.1065,72.64651,300.89,0.38,0.36,2026-08-26,2053,N20,VIIRS,n,2.0NRT,270.92,0.55,N,VIIRS_NOAA20_NRT,1
20.91049,71.45941,312.46,0.39,0.36,2026-08-26,2053,N20,VIIRS,n,2.0NRT,289.09,1.26,N,VIIRS_NOAA20_NRT,1
20.81066,85.25798,303.54,0.58,0.7,2026-08-26,2053,N20,VIIRS,n,2.0NRT,284.2,2.64,N,VIIRS_NOAA20_NRT,1
20.80444,85.25613,301.92,0.58,0.7,2026-08-26,2053,N20,VIIRS,n,2.0NRT,284.07,1.25,N,VIIRS_NOAA20_NRT,1
20.78438,85.25655,302.13,0.58,0.7,2026-08-26,2053,N20,VIIRS,n,2.0NRT,283.99,1.07,N,VIIRS_NOAA20_NRT,1
15.33309,76.24698,309.09,0.39,0.44,2026-08-26,2055,N20,VIIRS,n,2.0NRT,290.15,0.78,N,VIIRS_NOAA20_NRT,1
16.13124,77.82779,354.31,0.43,0.46,2026-08-28,746,N20,VIIRS,n,2.0NRT,298.26,10.46,D,VIIRS_NOAA20_NRT,1
15.17565,76.65424,313.9,0.39,0.36,2026-08-27,2036,N20,VIIRS,n,2.0NRT,276.75,1.3,N,VIIRS_NOAA20_NRT,1
11.24627,77.77045,337.19,0.53,0.5,2026-08-28,744,N20,VIIRS,n,2.0NRT,297.88,3.3,D,VIIRS_NOAA20_NRT,1
10.81325,78.80896,331.45,0.46,0.47,2026-08-28,744,N20,VIIRS,n,2.0NRT,293.85,2.33,D,VIIRS_NOAA20_NRT,1
10.59022,78.85231,333.44,0.46,0.47,2026-08-28,744,N20,VIIRS,n,2.0NRT,292.16,2.93,D,VIIRS_NOAA20_NRT,1
9.96105,78.39642,330.65,0.5,0.49,2026-08-28,744,N20,VIIRS,n,2.0NRT,299.87,0.94,D,VIIRS_NOAA20_NRT,1
9.94673,78.18559,332.32,0.52,0.5,2026-08-28,744,N20,VIIRS,n,2.0NRT,300.34,2.94,D,VIIRS_NOAA20_NRT,1
9.93117,78.07159,339.46,0.53,0.5,2026-08-28,744,N20,VIIRS,n,2.0NRT,300.45,5.4,D,VIIRS_NOAA20_NRT,1
9.88019,78.4741,337.89,0.5,0.49,2026-08-28,744,N20,VIIRS,n,2.0NRT,302.38,1.87,D,VIIRS_NOAA20_NRT,1
9.76033,80.26269,330.11,0.38,0.44,2026-08-28,744,N20,VIIRS,n,2.0NRT,299.81,1.63,D,VIIRS_NOAA20_NRT,1
9.73959,78.34672,340.85,0.51,0.49,2026-08-28,744,N20,VIIRS,n,2.0NRT,303.08,5.32,D,VIIRS_NOAA20_NRT,1
9.7363,78.57832,337.02,0.49,0.49,2026-08-28,744,N20,VIIRS,n,2.0NRT,300.99,2.12,D,VIIRS_NOAA20_NRT,1
9.60042,79.98769,335.71,0.4,0.44,2026-08-28,744,N20,VIIRS,n,2.0NRT,298.2,2.72,D,VIIRS_NOAA20_NRT,1
9.57007,80.37499,339.05,0.57,0.43,2026-08-28,744,N20,VIIRS,n,2.0NRT,299.51,5.04,D,VIIRS_NOAA20_NRT,1
9.37273,78.62408,336.3,0.5,0.49,2026-08-28,744,N20,VIIRS,n,2.0NRT,301.6,3.75,D,VIIRS_NOAA20_NRT,1
9.30402,78.39236,330.72,0.52,0.5,2026-08-28,744,N20,VIIRS,n,2.0NRT,299.51,3.83,D,VIIRS_NOAA20_NRT,1
9.28536,78.39864,332.63,0.52,0.5,2026-08-28,744,N20,VIIRS,n,2.0NRT,298.54,2.22,D,VIIRS_NOAA20_NRT,1
9.23738,80.79314,332.94,0.55,0.42,2026-08-28,744,N20,VIIRS,n,2.0NRT,296.12,4.51,D,VIIRS_NOAA20_NRT,1
9.18577,77.78692,337.19,0.57,0.52,2026-08-28,744,N20,VIIRS,n,2.0NRT,298.88,9.06,D,VIIRS_NOAA20_NRT,1
9.15616,80.71767,336.09,0.55,0.43,2026-08-28,744,N20,VIIRS,n,2.0NRT,296.79,33.78,D,VIIRS_NOAA20_NRT,1
9.15345,80.72108,336.5,0.55,0.43,2026-08-28,744,N20,VIIRS,n,2.0NRT,299.4,71.88,D,VIIRS_NOAA20_NRT,1
9.1417,80.26675,332.33,0.39,0.44,2026-08-28,744,N20,VIIRS,n,2.0NRT,296.13,2.82,D,VIIRS_NOAA20_NRT,1
9.42936,80.42011,334.71,0.57,0.43,2026-08-28,744,N20,VIIRS,n,2.0NRT,301.08,5.18,D,VIIRS_NOAA20_NRT,1
11.62135,79.67422,342.53,0.39,0.44,2026-08-28,744,N20,VIIRS,n,2.0NRT,297.44,3.31,D,VIIRS_NOAA20_NRT,1
11.97214,79.74477,343.23,0.38,0.43,2026-08-28,744,N20,VIIRS,n,2.0NRT,294.73,2.69,D,VIIRS_NOAA20_NRT,1
11.9761,79.74409,340.97,0.38,0.43,2026-08-28,744,N20,VIIRS,n,2.0NRT,294.31,3.39,D,VIIRS_NOAA20_NRT,1
33.23374,71.51796,332.14,0.48,0.48,2026-08-28,750,N20,VIIRS,n,2.0NRT,300.93,2.26,D,VIIRS_NOAA20_NRT,1
27.43482,70.8578,340.0,0.35,0.57,2026-08-28,750,N20,VIIRS,n,2.0NRT,304.94,2.03,D,VIIRS_NOAA20_NRT,1
25.03555,87.38821,331.96,0.41,0.45,2026-08-28,748,N20,VIIRS,n,2.0NRT,295.33,3.03,D,VIIRS_NOAA20_NRT,1
23.80325,86.33153,341.8,0.52,0.42,2026-08-28,748,N20,VIIRS,n,2.0NRT,289.84,5.56,D,VIIRS_NOAA20_NRT,1
21.76207,83.84924,333.38,0.4,0.37,2026-08-28,746,N20,VIIRS,n,2.0NRT,291.87,4.28,D,VIIRS_NOAA20_NRT,1
21.74418,83.84429,334.37,0.4,0.37,2026-08-28,746,N20,VIIRS,n,2.0NRT,290.9,5.74,D,VIIRS_NOAA20_NRT,1
20.96903,86.01181,331.01,0.47,0.4,2026-08-28,746,N20,VIIRS,n,2.0NRT,284.62,3.23,D,VIIRS_NOAA20_NRT,1
16.13541,77.827,340.62,0.43,0.46,2026-08-28,746,N20,VIIRS,n,2.0NRT,296.55,6.35,D,VIIRS_NOAA20_NRT,1
15.99496,78.3997,331.18,0.4,0.44,2026-08-28,746,N20,VIIRS,n,2.0NRT,296.42,1.68,D,VIIRS_NOAA20_NRT,1
15.73366,79.84308,335.64,0.5,0.41,2026-08-28,746,N20,VIIRS,n,2.0NRT,300.32,4.96,D,VIIRS_NOAA20_NRT,1
15.32899,78.96827,332.13,0.57,0.43,2026-08-28,746,N20,VIIRS,n,2.0NRT,300.66,4.34,D,VIIRS_NOAA20_NRT,1
15.089,79.77787,336.56,0.52,0.41,2026-08-28,746,N20,VIIRS,n,2.0NRT,303.76,21.57,D,VIIRS_NOAA20_NRT,1
14.66129,75.6529,330.09,0.64,0.54,2026-08-28,746,N20,VIIRS,n,2.0NRT,293.6,8.89,D,VIIRS_NOAA20_NRT,1
14.66086,75.65631,367.0,0.32,0.54,2026-08-28,746,N20,VIIRS,h,2.0NRT,295.26,12.84,D,VIIRS_NOAA20_NRT,1
14.59493,77.66154,334.05,0.47,0.48,2026-08-28,746,N20,VIIRS,n,2.0NRT,301.79,3.27,D,VIIRS_NOAA20_NRT,1
12.63144,79.54516,330.25,0.39,0.44,2026-08-28,744,N20,VIIRS,n,2.0NRT,298.38,1.88,D,VIIRS_NOAA20_NRT,1
9.05492,80.49566,337.59,0.57,0.43,2026-08-28,744,N20,VIIRS,n,2.0NRT,297.61,6.56,D,VIIRS_NOAA20_NRT,1
9.00048,80.67468,336.14,0.56,0.43,2026-08-28,744,N20,VIIRS,n,2.0NRT,299.13,5.74,D,VIIRS_NOAA20_NRT,1
8.98947,77.82053,338.15,0.57,0.52,2026-08-28,744,N20,VIIRS,n,2.0NRT,302.18,3.48,D,VIIRS_NOAA20_NRT,1
10.61681,77.42193,304.47,0.44,0.38,2026-08-27,2038,N20,VIIRS,n,2.0NRT,293.73,0.58,N,VIIRS_NOAA20_NRT,1
10.59377,77.43021,304.6,0.44,0.38,2026-08-27,2038,N20,VIIRS,n,2.0NRT,293.55,0.34,N,VIIRS_NOAA20_NRT,1
8.40881,80.75497,310.77,0.49,0.49,2026-08-27,2038,N20,VIIRS,n,2.0NRT,289.8,1.51,N,VIIRS_NOAA20_NRT,1
17.37144,77.44598,308.66,0.39,0.36,2026-08-27,2036,N20,VIIRS,n,2.0NRT,292.75,0.9,N,VIIRS_NOAA20_NRT,1
17.14186,77.1844,313.21,0.39,0.36,2026-08-27,2036,N20,VIIRS,n,2.0NRT,292.77,1.4,N,VIIRS_NOAA20_NRT,1
17.06305,76.97786,312.97,0.39,0.36,2026-08-27,2036,N20,VIIRS,n,2.0NRT,291.9,1.5,N,VIIRS_NOAA20_NRT,1
16.65075,74.31296,303.68,0.41,0.37,2026-08-27,2036,N20,VIIRS,n,2.0NRT,289.91,1.22,N,VIIRS_NOAA20_NRT,1
15.93414,78.26305,311.11,0.42,0.38,2026-08-27,2036,N20,VIIRS,n,2.0NRT,292.98,2.6,N,VIIRS_NOAA20_NRT,1
15.84508,79.77524,311.52,0.49,0.41,2026-08-27,2036,N20,VIIRS,n,2.0NRT,291.09,1.2,N,VIIRS_NOAA20_NRT,1
15.33814,76.27811,331.25,0.39,0.36,2026-08-27,2036,N20,VIIRS,n,2.0NRT,291.87,3.12,N,VIIRS_NOAA20_NRT,1
15.18383,76.66673,310.39,0.39,0.36,2026-08-27,2036,N20,VIIRS,n,2.0NRT,272.53,2.11,N,VIIRS_NOAA20_NRT,1
15.17837,76.6584,305.75,0.39,0.36,2026-08-27,2036,N20,VIIRS,n,2.0NRT,281.15,1.42,N,VIIRS_NOAA20_NRT,1
11.26873,80.00504,316.33,0.39,0.44,2026-08-27,2038,N20,VIIRS,n,2.0NRT,290.58,1.49,N,VIIRS_NOAA20_NRT,1
11.81067,77.92082,315.05,0.45,0.39,2026-08-27,2038,N20,VIIRS,n,2.0NRT,281.52,0.98,N,VIIRS_NOAA20_NRT,1
8.90886,80.58608,332.23,0.57,0.43,2026-08-28,744,N20,VIIRS,n,2.0NRT,296.88,7.44,D,VIIRS_NOAA20_NRT,1
8.90787,80.43686,330.25,0.39,0.44,2026-08-28,744,N20,VIIRS,n,2.0NRT,299.36,2.31,D,VIIRS_NOAA20_NRT,1
8.90563,80.35099,350.09,0.39,0.44,2026-08-28,744,N20,VIIRS,n,2.0NRT,298.76,5.92,D,VIIRS_NOAA20_NRT,1
8.84528,78.0387,334.87,0.56,0.51,2026-08-28,744,N20,VIIRS,n,2.0NRT,303.61,3.18,D,VIIRS_NOAA20_NRT,1
8.71625,77.97591,332.03,0.56,0.52,2026-08-28,744,N20,VIIRS,n,2.0NRT,301.28,4.69,D,VIIRS_NOAA20_NRT,1
8.71066,77.97169,336.06,0.56,0.52,2026-08-28,744,N20,VIIRS,n,2.0NRT,303.05,3.26,D,VIIRS_NOAA20_NRT,2
8.68003,80.75702,332.99,0.56,0.43,2026-08-28,744,N20,VIIRS,n,2.0NRT,295.38,10.73,D,VIIRS_NOAA20_NRT,1
8.67631,80.2558,344.31,0.4,0.44,2026-08-28,744,N20,VIIRS,n,2.0NRT,297.98,5.4,D,VIIRS_NOAA20_NRT,1
8.64431,80.92615,339.34,0.55,0.42,2026-08-28,744,N20,VIIRS,n,2.0NRT,293.65,28.26,D,VIIRS_NOAA20_NRT,1
8.56677,78.0841,336.43,0.56,0.51,2026-08-28,744,N20,VIIRS,n,2.0NRT,298.27,5.17,D,VIIRS_NOAA20_NRT,1
8.55052,80.77623,330.48,0.56,0.43,2026-08-28,744,N20,VIIRS,n,2.0NRT,295.1,2.27,D,VIIRS_NOAA20_NRT,1
8.52595,80.82137,338.38,0.56,0.43,2026-08-28,744,N20,VIIRS,n,2.0NRT,297.52,5.61,D,VIIRS_NOAA20_NRT,1
8.42591,80.33542,331.13,0.4,0.44,2026-08-28,744,N20,VIIRS,n,2.0NRT,292.24,3.26,D,VIIRS_NOAA20_NRT,1
8.41011,80.82766,330.65,0.56,0.43,2026-08-28,744,N20,VIIRS,n,2.0NRT,293.04,5.41,D,VIIRS_NOAA20_NRT,1
12.91795,77.42487,300.73,0.42,0.38,2026-08-27,2038,N20,VIIRS,n,2.0NRT,290.06,0.66,N,VIIRS_NOAA20_NRT,1
12.64644,77.78779,297.84,0.44,0.38,2026-08-27,2038,N20,VIIRS,n,2.0NRT,285.68,0.22,N,VIIRS_NOAA20_NRT,1
12.24076,78.06161,315.57,0.45,0.39,2026-08-27,2038,N20,VIIRS,n,2.0NRT,293.7,1.02,N,VIIRS_NOAA20_NRT,1
32.79342,72.26131,338.9,0.42,0.37,2026-08-26,828,N20,VIIRS,n,2.0NRT,308.17,6.0,D,VIIRS_NOAA20_NRT,1
21.19596,81.41667,327.82,0.5,0.66,2026-08-25,1932,N20,VIIRS,n,2.0NRT,281.6,2.93,N,VIIRS_NOAA20_NRT,1
17.6105,83.20296,318.58,0.34,0.56,2026-08-25,1932,N20,VIIRS,n,2.0NRT,287.06,1.83,N,VIIRS_NOAA20_NRT,1
26.75963,83.19836,301.32,0.44,0.62,2026-08-25,1930,N20,VIIRS,n,2.0NRT,278.65,1.23,N,VIIRS_NOAA20_NRT,1
31.0935,72.58533,332.53,0.46,0.47,2026-08-25,845,N20,VIIRS,n,2.0NRT,299.98,3.13,D,VIIRS_NOAA20_NRT,1
24.96003,68.29343,346.04,0.39,0.36,2026-08-25,843,N20,VIIRS,n,2.0NRT,303.42,11.94,D,VIIRS_NOAA20_NRT,1
22.93576,69.1861,331.31,0.4,0.37,2026-08-25,843,N20,VIIRS,n,2.0NRT,298.51,0.9,D,VIIRS_NOAA20_NRT,1
19.36854,71.35598,339.9,0.44,0.38,2026-08-25,843,N20,VIIRS,n,2.0NRT,292.71,5.54,D,VIIRS_NOAA20_NRT,1
21.19639,81.41189,307.28,0.5,0.66,2026-08-25,1932,N20,VIIRS,n,2.0NRT,281.28,2.93,N,VIIRS_NOAA20_NRT,1
18.70882,74.45466,336.09,0.41,0.45,2026-08-25,841,N20,VIIRS,n,2.0NRT,295.12,3.57,D,VIIRS_NOAA20_NRT,1
15.38928,75.22285,331.45,0.42,0.45,2026-08-25,841,N20,VIIRS,n,2.0NRT,297.05,3.57,D,VIIRS_NOAA20_NRT,1
8.66442,80.46942,330.26,0.38,0.59,2026-08-25,839,N20,VIIRS,n,2.0NRT,273.41,3.42,D,VIIRS_NOAA20_NRT,1
8.35643,80.23595,341.37,0.36,0.57,2026-08-25,839,N20,VIIRS,n,2.0NRT,273.67,5.31,D,VIIRS_NOAA20_NRT,1
29.45627,76.8924,327.41,0.63,0.72,2026-08-25,705,N20,VIIRS,n,2.0NRT,281.67,4.73,D,VIIRS_NOAA20_NRT,1
21.3352,78.96751,301.03,0.72,0.76,2026-08-25,1932,N20,VIIRS,n,2.0NRT,280.3,2.37,N,VIIRS_NOAA20_NRT,1
21.39248,81.64462,301.02,0.48,0.65,2026-08-25,1932,N20,VIIRS,n,2.0NRT,277.24,0.73,N,VIIRS_NOAA20_NRT,1
33.69022,72.71217,308.47,0.4,0.37,2026-08-25,2110,N20,VIIRS,n,2.0NRT,296.46,0.82,N,VIIRS_NOAA20_NRT,1
33.54626,71.55049,315.2,0.39,0.36,2026-08-25,2110,N20,VIIRS,n,2.0NRT,297.89,1.21,N,VIIRS_NOAA20_NRT,1
33.29754,71.1881,312.97,0.38,0.36,2026-08-25,2110,N20,VIIRS,n,2.0NRT,297.12,0.7,N,VIIRS_NOAA20_NRT,1
33.26807,71.3083,315.95,0.38,0.36,2026-08-25,2110,N20,VIIRS,n,2.0NRT,296.66,0.87,N,VIIRS_NOAA20_NRT,1
32.89065,71.61553,315.82,0.39,0.36,2026-08-25,2110,N20,VIIRS,n,2.0NRT,298.96,3.14,N,VIIRS_NOAA20_NRT,1
32.88736,71.61475,311.4,0.39,0.36,2026-08-25,2110,N20,VIIRS,n,2.0NRT,298.59,2.4,N,VIIRS_NOAA20_NRT,1
32.64478,72.97533,310.23,0.41,0.37,2026-08-25,2110,N20,VIIRS,n,2.0NRT,297.78,2.12,N,VIIRS_NOAA20_NRT,1
32.57477,72.56184,313.48,0.4,0.37,2026-08-25,2110,N20,VIIRS,n,2.0NRT,298.32,3.51,N,VIIRS_NOAA20_NRT,1
32.29352,70.72925,310.17,0.38,0.36,2026-08-25,2110,N20,VIIRS,n,2.0NRT,296.71,2.11,N,VIIRS_NOAA20_NRT,1
32.10382,74.17498,314.39,0.46,0.39,2026-08-25,2110,N20,VIIRS,n,2.0NRT,296.52,3.64,N,VIIRS_NOAA20_NRT,1
34.47789,73.86224,296.97,0.42,0.38,2026-08-25,2108,N20,VIIRS,n,2.0NRT,286.25,6.61,N,VIIRS_NOAA20_NRT,1
34.47445,73.86165,303.5,0.42,0.38,2026-08-25,2108,N20,VIIRS,n,2.0NRT,288.2,6.61,N,VIIRS_NOAA20_NRT,1
23.66496,87.15575,310.24,0.46,0.47,2026-08-25,1932,N20,VIIRS,n,2.0NRT,276.63,1.93,N,VIIRS_NOAA20_NRT,1
23.61165,87.14617,298.73,0.46,0.47,2026-08-25,1932,N20,VIIRS,n,2.0NRT,274.79,0.41,N,VIIRS_NOAA20_NRT,1
23.56146,87.23864,298.85,0.45,0.47,2026-08-25,1932,N20,VIIRS,n,2.0NRT,276.18,0.59,N,VIIRS_NOAA20_NRT,1
22.80134,86.09074,308.76,0.52,0.5,2026-08-25,1932,N20,VIIRS,n,2.0NRT,281.25,2.73,N,VIIRS_NOAA20_NRT,1
22.78985,86.19658,299.79,0.51,0.49,2026-08-25,1932,N20,VIIRS,n,2.0NRT,278.86,1.59,N,VIIRS_NOAA20_NRT,1
33.62799,73.01943,333.58,0.45,0.39,2026-08-26,828,N20,VIIRS,n,2.0NRT,302.86,2.76,D,VIIRS_NOAA20_NRT,1
22.78875,86.20664,298.14,0.51,0.49,2026-08-25,1932,N20,VIIRS,n,2.0NRT,276.01,0.92,N,VIIRS_NOAA20_NRT,1
22.36469,87.30035,317.29,0.43,0.46,2026-08-25,1932,N20,VIIRS,n,2.0NRT,288.75,3.38,N,VIIRS_NOAA20_NRT,1
21.59307,96.22826,309.07,0.45,0.39,2026-08-25,1932,N20,VIIRS,n,2.0NRT,289.52,2.57,N,VIIRS_NOAA20_NRT,1
21.10818,72.64432,328.48,0.37,0.58,2026-08-24,2131,N20,VIIRS,n,2.0NRT,289.54,3.22,N,VIIRS_NOAA20_NRT,1
33.90315,71.91451,310.74,0.39,0.36,2026-08-25,2110,N20,VIIRS,n,2.0NRT,296.21,0.9,N,VIIRS_NOAA20_NRT,1
28.20507,69.49628,307.9,0.52,0.42,2026-08-24,2129,N20,VIIRS,n,2.0NRT,295.53,1.02,N,VIIRS_NOAA20_NRT,1
23.65687,85.50671,300.76,0.46,0.39,2026-08-24,1949,N20,VIIRS,n,2.0NRT,289.06,0.68,N,VIIRS_NOAA20_NRT,1
23.56024,87.24084,317.79,0.4,0.37,2026-08-24,1949,N20,VIIRS,n,2.0NRT,285.5,2.15,N,VIIRS_NOAA20_NRT,1
22.37798,87.27563,312.37,0.4,0.37,2026-08-24,1949,N20,VIIRS,n,2.0NRT,291.75,3.79,N,VIIRS_NOAA20_NRT,1
22.36729,87.30124,307.56,0.4,0.37,2026-08-24,1949,N20,VIIRS,n,2.0NRT,292.01,2.36,N,VIIRS_NOAA20_NRT,1
22.36395,87.30066,327.09,0.4,0.37,2026-08-24,1949,N20,VIIRS,n,2.0NRT,292.72,2.36,N,VIIRS_NOAA20_NRT,1
31.64609,72.19376,330.53,0.42,0.61,2026-08-24,907,N20,VIIRS,n,2.0NRT,297.71,2.41,D,VIIRS_NOAA20_NRT,1
31.64338,72.19141,335.59,0.42,0.61,2026-08-24,907,N20,VIIRS,n,2.0NRT,297.43,3.78,D,VIIRS_NOAA20_NRT,1
33.29322,71.18797,332.85,0.38,0.59,2026-08-24,905,N20,VIIRS,n,2.0NRT,301.27,3.16,D,VIIRS_NOAA20_NRT,1
24.86664,68.06484,343.5,0.4,0.44,2026-08-24,905,N20,VIIRS,n,2.0NRT,301.59,4.56,D,VIIRS_NOAA20_NRT,1
24.86607,68.06541,343.44,0.39,0.44,2026-08-24,905,N20,VIIRS,n,2.0NRT,301.56,3.87,D,VIIRS_NOAA20_NRT,1
29.44842,71.34847,331.34,0.7,0.75,2026-08-24,724,N20,VIIRS,n,2.0NRT,291.57,3.39,D,VIIRS_NOAA20_NRT,1
28.79093,80.20787,333.93,0.44,0.46,2026-08-24,724,N20,VIIRS,n,2.0NRT,289.65,3.79,D,VIIRS_NOAA20_NRT,1
20.95841,94.86646,332.96,0.43,0.46,2026-08-24,720,N20,VIIRS,n,2.0NRT,287.09,6.36,D,VIIRS_NOAA20_NRT,1
9.14568,80.51594,330.96,0.51,0.66,2026-08-24,718,N20,VIIRS,n,2.0NRT,288.23,4.87,D,VIIRS_NOAA20_NRT,1
8.64628,80.44923,329.25,0.52,0.67,2026-08-24,718,N20,VIIRS,n,2.0NRT,283.85,3.77,D,VIIRS_NOAA20_NRT,1
8.57232,80.63769,330.12,0.51,0.66,2026-08-24,718,N20,VIIRS,n,2.0NRT,284.82,5.38,D,VIIRS_NOAA20_NRT,1
23.66972,84.99499,300.78,0.49,0.4,2026-08-24,1949,N20,VIIRS,n,2.0NRT,288.22,1.35,N,VIIRS_NOAA20_NRT,1
23.68914,87.10023,300.3,0.41,0.37,2026-08-24,1949,N20,VIIRS,n,2.0NRT,277.44,0.92,N,VIIRS_NOAA20_NRT,1
23.75644,85.85175,306.19,0.45,0.39,2026-08-24,1949,N20,VIIRS,n,2.0NRT,289.93,1.51,N,VIIRS_NOAA20_NRT,1
26.25711,74.09373,303.31,0.35,0.57,2026-08-24,2129,N20,VIIRS,n,2.0NRT,290.28,0.65,N,VIIRS_NOAA20_NRT,1
26.09461,68.88082,306.19,0.52,0.42,2026-08-24,2129,N20,VIIRS,n,2.0NRT,295.52,0.85,N,VIIRS_NOAA20_NRT,1
35.96545,68.6872,304.67,0.4,0.37,2026-08-24,2127,N20,VIIRS,n,2.0NRT,293.74,1.46,N,VIIRS_NOAA20_NRT,1
33.54535,71.55087,307.33,0.54,0.42,2026-08-24,2127,N20,VIIRS,n,2.0NRT,296.68,0.81,N,VIIRS_NOAA20_NRT,1
31.25751,76.92367,302.19,0.4,0.6,2026-08-24,2127,N20,VIIRS,n,2.0NRT,288.38,0.81,N,VIIRS_NOAA20_NRT,1
17.60995,83.20184,302.24,0.52,0.41,2026-08-24,1951,N20,VIIRS,n,2.0NRT,282.89,2.91,N,VIIRS_NOAA20_NRT,1
15.18871,76.6569,301.81,0.42,0.61,2026-08-24,1951,N20,VIIRS,n,2.0NRT,280.75,2.33,N,VIIRS_NOAA20_NRT,1
15.18643,76.67658,305.01,0.42,0.61,2026-08-24,1951,N20,VIIRS,n,2.0NRT,280.13,2.84,N,VIIRS_NOAA20_NRT,1
15.18397,76.67608,307.12,0.42,0.61,2026-08-24,1951,N20,VIIRS,n,2.0NRT,280.32,1.58,N,VIIRS_NOAA20_NRT,1
15.18214,76.66415,322.33,0.42,0.61,2026-08-24,1951,N20,VIIRS,n,2.0NRT,279.71,3.62,N,VIIRS_NOAA20_NRT,1
15.17784,76.65171,302.12,0.42,0.61,2026-08-24,1951,N20,VIIRS,n,2.0NRT,278.92,1.57,N,VIIRS_NOAA20_NRT,1
23.80593,86.32925,301.64,0.43,0.38,2026-08-24,1949,N20,VIIRS,n,2.0NRT,287.99,1.14,N,VIIRS_NOAA20_NRT,1
23.7594,85.85674,309.62,0.45,0.39,2026-08-24,1949,N20,VIIRS,n,2.0NRT,290.4,1.51,N,VIIRS_NOAA20_NRT,1
20.9112,71.45757,302.1,0.49,0.4,2026-08-25,2112,N20,VIIRS,n,2.0NRT,284.29,0.57,N,VIIRS_NOAA20_NRT,1
15.01841,79.74989,340.98,0.4,0.44,2026-08-26,822,N20,VIIRS,n,2.0NRT,297.14,5.67,D,VIIRS_NOAA20_NRT,1
14.23911,79.66386,333.76,0.39,0.44,2026-08-26,822,N20,VIIRS,n,2.0NRT,294.68,3.12,D,VIIRS_NOAA20_NRT,1
14.15628,77.23994,339.33,0.43,0.38,2026-08-26,822,N20,VIIRS,n,2.0NRT,298.39,3.71,D,VIIRS_NOAA20_NRT,1
13.09371,78.80157,334.78,0.5,0.41,2026-08-26,822,N20,VIIRS,n,2.0NRT,299.14,4.44,D,VIIRS_NOAA20_NRT,1
12.95476,79.27879,334.78,0.53,0.42,2026-08-26,822,N20,VIIRS,n,2.0NRT,298.13,3.78,D,VIIRS_NOAA20_NRT,1
12.30538,76.84256,330.79,0.41,0.37,2026-08-26,822,N20,VIIRS,n,2.0NRT,297.18,1.44,D,VIIRS_NOAA20_NRT,1
12.26599,77.0015,335.46,0.41,0.37,2026-08-26,822,N20,VIIRS,n,2.0NRT,300.16,2.81,D,VIIRS_NOAA20_NRT,1
12.13018,79.65379,342.13,0.54,0.42,2026-08-26,822,N20,VIIRS,n,2.0NRT,302.82,13.42,D,VIIRS_NOAA20_NRT,1
11.67362,78.43934,330.64,0.46,0.39,2026-08-26,822,N20,VIIRS,n,2.0NRT,300.06,2.19,D,VIIRS_NOAA20_NRT,1
11.53354,78.71278,341.68,0.48,0.4,2026-08-26,822,N20,VIIRS,n,2.0NRT,303.65,4.61,D,VIIRS_NOAA20_NRT,1
11.46199,77.46516,341.29,0.42,0.38,2026-08-26,822,N20,VIIRS,n,2.0NRT,296.66,5.71,D,VIIRS_NOAA20_NRT,1
11.42405,78.16054,332.79,0.45,0.39,2026-08-26,822,N20,VIIRS,n,2.0NRT,300.25,4.18,D,VIIRS_NOAA20_NRT,1
11.35922,77.2625,330.28,0.41,0.37,2026-08-26,822,N20,VIIRS,n,2.0NRT,293.57,1.86,D,VIIRS_NOAA20_NRT,1
10.93808,79.54315,336.15,0.52,0.41,2026-08-26,822,N20,VIIRS,n,2.0NRT,294.31,4.04,D,VIIRS_NOAA20_NRT,1
9.8038,78.17648,340.06,0.43,0.38,2026-08-26,822,N20,VIIRS,n,2.0NRT,300.91,4.38,D,VIIRS_NOAA20_NRT,1
9.61096,80.29897,336.79,0.55,0.43,2026-08-26,822,N20,VIIRS,n,2.0NRT,296.75,1.4,D,VIIRS_NOAA20_NRT,1
9.48141,80.40318,336.22,0.56,0.43,2026-08-26,822,N20,VIIRS,n,2.0NRT,297.1,5.07,D,VIIRS_NOAA20_NRT,1
9.45475,80.49753,343.43,0.56,0.43,2026-08-26,822,N20,VIIRS,n,2.0NRT,297.44,10.63,D,VIIRS_NOAA20_NRT,1
11.55913,79.62791,336.44,0.53,0.42,2026-08-26,822,N20,VIIRS,n,2.0NRT,295.58,4.14,D,VIIRS_NOAA20_NRT,1
15.44035,76.97665,332.95,0.44,0.38,2026-08-26,822,N20,VIIRS,n,2.0NRT,302.63,1.86,D,VIIRS_NOAA20_NRT,1
15.74739,77.78989,337.15,0.48,0.4,2026-08-26,822,N20,VIIRS,n,2.0NRT,294.81,4.12,D,VIIRS_NOAA20_NRT,1
31.98062,70.32509,343.51,0.38,0.36,2026-08-26,828,N20,VIIRS,n,2.0NRT,308.31,10.89,D,VIIRS_NOAA20_NRT,1
31.30204,72.22087,334.75,0.41,0.37,2026-08-26,828,N20,VIIRS,n,2.0NRT,301.27,3.08,D,VIIRS_NOAA20_NRT,1
30.70773,71.90141,332.47,0.4,0.37,2026-08-26,828,N20,VIIRS,n,2.0NRT,301.47,2.38,D,VIIRS_NOAA20_NRT,1
30.51083,72.14,336.55,0.4,0.37,2026-08-26,828,N20,VIIRS,n,2.0NRT,301.57,1.28,D,VIIRS_NOAA20_NRT,1
30.35612,73.65794,334.6,0.44,0.38,2026-08-26,828,N20,VIIRS,n,2.0NRT,302.11,3.06,D,VIIRS_NOAA20_NRT,1
30.33941,73.0291,337.17,0.42,0.38,2026-08-26,828,N20,VIIRS,n,2.0NRT,304.08,2.54,D,VIIRS_NOAA20_NRT,1
30.08177,71.96634,336.0,0.39,0.37,2026-08-26,828,N20,VIIRS,n,2.0NRT,304.73,2.14,D,VIIRS_NOAA20_NRT,1
29.95621,72.59685,338.88,0.41,0.37,2026-08-26,828,N20,VIIRS,n,2.0NRT,302.4,3.11,D,VIIRS_NOAA20_NRT,1
29.93687,72.9943,335.83,0.42,0.37,2026-08-26,828,N20,VIIRS,n,2.0NRT,302.18,3.13,D,VIIRS_NOAA20_NRT,1
29.90841,72.08109,343.34,0.4,0.37,2026-08-26,828,N20,VIIRS,n,2.0NRT,306.37,12.85,D,VIIRS_NOAA20_NRT,1
29.76845,72.26132,339.23,0.4,0.37,2026-08-26,828,N20,VIIRS,n,2.0NRT,306.31,4.79,D,VIIRS_NOAA20_NRT,1
29.75555,71.19326,338.7,0.39,0.36,2026-08-26,828,N20,VIIRS,n,2.0NRT,306.07,3.2,D,VIIRS_NOAA20_NRT,1
22.35975,82.30282,333.19,0.36,0.58,2026-08-26,824,N20,VIIRS,n,2.0NRT,286.99,8.21,D,VIIRS_NOAA20_NRT,1
21.9208,83.35326,326.38,0.42,0.61,2026-08-26,824,N20,VIIRS,n,2.0NRT,277.14,2.84,D,VIIRS_NOAA20_NRT,1
21.75503,83.8465,334.17,0.45,0.63,2026-08-26,824,N20,VIIRS,n,2.0NRT,286.35,5.28,D,VIIRS_NOAA20_NRT,1
21.74921,83.84696,326.92,0.45,0.63,2026-08-26,824,N20,VIIRS,n,2.0NRT,286.66,5.28,D,VIIRS_NOAA20_NRT,1
19.99819,74.01125,333.16,0.39,0.36,2026-08-26,824,N20,VIIRS,n,2.0NRT,295.9,3.21,D,VIIRS_NOAA20_NRT,1
16.83671,79.16844,333.57,0.39,0.44,2026-08-26,824,N20,VIIRS,n,2.0NRT,297.69,2.33,D,VIIRS_NOAA20_NRT,1
16.0065,77.04945,340.97,0.44,0.39,2026-08-26,822,N20,VIIRS,n,2.0NRT,298.13,3.84,D,VIIRS_NOAA20_NRT,1
15.97756,78.4123,330.46,0.52,0.41,2026-08-26,822,N20,VIIRS,n,2.0NRT,294.78,2.89,D,VIIRS_NOAA20_NRT,1
9.43152,80.36105,335.92,0.55,0.43,2026-08-26,822,N20,VIIRS,n,2.0NRT,296.32,4.04,D,VIIRS_NOAA20_NRT,1
9.38962,78.88501,347.44,0.46,0.39,2026-08-26,822,N20,VIIRS,n,2.0NRT,301.32,21.77,D,VIIRS_NOAA20_NRT,1
13.973,78.2289,331.1,0.48,0.4,2026-08-26,822,N20,VIIRS,n,2.0NRT,298.76,3.09,D,VIIRS_NOAA20_NRT,1
9.28148,80.71458,337.78,0.39,0.44,2026-08-26,822,N20,VIIRS,n,2.0NRT,297.12,4.77,D,VIIRS_NOAA20_NRT,1
8.28923,80.15002,330.6,0.52,0.42,2026-08-26,820,N20,VIIRS,n,2.0NRT,291.8,3.92,D,VIIRS_NOAA20_NRT,1
8.20856,81.02636,332.46,0.39,0.44,2026-08-26,820,N20,VIIRS,n,2.0NRT,292.81,4.4,D,VIIRS_NOAA20_NRT,1
8.1289,80.0549,338.64,0.51,0.41,2026-08-26,820,N20,VIIRS,n,2.0NRT,293.7,5.51,D,VIIRS_NOAA20_NRT,1
8.01057,81.09593,331.49,0.39,0.44,2026-08-26,820,N20,VIIRS,n,2.0NRT,277.6,6.4,D,VIIRS_NOAA20_NRT,1
29.55459,90.96119,328.88,0.55,0.43,2026-08-26,646,N20,VIIRS,n,2.0NRT,298.85,5.28,D,VIIRS_NOAA20_NRT,1
19.17601,70.94729,310.13,0.48,0.4,2026-08-25,2114,N20,VIIRS,n,2.0NRT,292.68,3.27,N,VIIRS_NOAA20_NRT,1
15.34013,76.27901,303.12,0.4,0.6,2026-08-25,2114,N20,VIIRS,n,2.0NRT,286.55,1.89,N,VIIRS_NOAA20_NRT,1
15.11204,76.8075,300.58,0.44,0.62,2026-08-25,2114,N20,VIIRS,n,2.0NRT,287.16,2.02,N,VIIRS_NOAA20_NRT,1
15.10937,76.80316,296.23,0.44,0.62,2026-08-25,2114,N20,VIIRS,n,2.0NRT,286.09,2.57,N,VIIRS_NOAA20_NRT,1
23.49973,68.57806,299.67,0.38,0.36,2026-08-25,2112,N20,VIIRS,n,2.0NRT,289.53,0.72,N,VIIRS_NOAA20_NRT,1
9.30177,77.47569,336.04,0.41,0.37,2026-08-26,822,N20,VIIRS,n,2.0NRT,285.33,5.73,D,VIIRS_NOAA20_NRT,1
22.92767,70.10764,315.24,0.41,0.37,2026-08-25,2112,N20,VIIRS,n,2.0NRT,293.46,1.1,N,VIIRS_NOAA20_NRT,1
22.92693,69.82433,307.02,0.4,0.37,2026-08-25,2112,N20,VIIRS,n,2.0NRT,294.39,2.03,N,VIIRS_NOAA20_NRT,1
22.3412,69.85442,306.8,0.41,0.37,2026-08-25,2112,N20,VIIRS,n,2.0NRT,291.97,2.19,N,VIIRS_NOAA20_NRT,1
22.33997,69.85574,308.37,0.41,0.37,2026-08-25,2112,N20,VIIRS,n,2.0NRT,292.92,3.06,N,VIIRS_NOAA20_NRT,1
21.18221,81.38339,302.23,0.65,0.73,2026-08-25,2112,N20,VIIRS,n,2.0NRT,282.69,3.38,N,VIIRS_NOAA20_NRT,1
8.36776,80.28935,331.15,0.53,0.42,2026-08-26,820,N20,VIIRS,n,2.0NRT,295.25,4.52,D,VIIRS_NOAA20_NRT,1
8.45122,80.81182,333.38,0.57,0.43,2026-08-26,820,N20,VIIRS,n,2.0NRT,288.36,4.62,D,VIIRS_NOAA20_NRT,1
8.53845,80.41251,341.52,0.54,0.42,2026-08-26,820,N20,VIIRS,n,2.0NRT,292.04,6.76,D,VIIRS_NOAA20_NRT,1
8.47738,80.69013,330.69,0.56,0.43,2026-08-26,820,N20,VIIRS,n,2.0NRT,288.47,3.52,D,VIIRS_NOAA20_NRT,1
9.21909,78.64851,335.48,0.45,0.39,2026-08-26,822,N20,VIIRS,n,2.0NRT,295.48,2.52,D,VIIRS_NOAA20_NRT,1
9.07868,80.46973,333.04,0.56,0.43,2026-08-26,822,N20,VIIRS,n,2.0NRT,295.61,4.93,D,VIIRS_NOAA20_NRT,1
9.00394,80.68155,336.08,0.57,0.43,2026-08-26,822,N20,VIIRS,n,2.0NRT,291.79,7.59,D,VIIRS_NOAA20_NRT,1
8.99573,80.83981,335.46,0.39,0.44,2026-08-26,822,N20,VIIRS,n,2.0NRT,296.9,2.25,D,VIIRS_NOAA20_NRT,1
8.95326,80.37337,331.91,0.55,0.42,2026-08-26,822,N20,VIIRS,n,2.0NRT,293.74,4.33,D,VIIRS_NOAA20_NRT,1
8.89322,80.57399,335.88,0.56,0.43,2026-08-26,822,N20,VIIRS,n,2.0NRT,292.36,4.31,D,VIIRS_NOAA20_NRT,1
8.87833,80.67032,336.94,0.57,0.43,2026-08-26,822,N20,VIIRS,n,2.0NRT,296.45,10.18,D,VIIRS_NOAA20_NRT,1
8.87436,80.67086,352.69,0.57,0.43,2026-08-26,822,N20,VIIRS,n,2.0NRT,296.61,10.18,D,VIIRS_NOAA20_NRT,1
8.81115,80.5878,347.39,0.56,0.43,2026-08-26,820,N20,VIIRS,n,2.0NRT,295.85,11.02,D,VIIRS_NOAA20_NRT,1
8.83608,80.67843,338.57,0.57,0.43,2026-08-26,820,N20,VIIRS,n,2.0NRT,294.82,8.44,D,VIIRS_NOAA20_NRT,1
8.62436,80.88211,339.35,0.39,0.44,2026-08-26,820,N20,VIIRS,n,2.0NRT,293.42,4.69,D,VIIRS_NOAA20_NRT,1
8.66584,80.63694,336.35,0.56,0.43,2026-08-26,820,N20,VIIRS,n,2.0NRT,293.19,4.08,D,VIIRS_NOAA20_NRT,1
8.57087,80.89142,334.75,0.39,0.44,2026-08-26,820,N20,VIIRS,n,2.0NRT,292.59,4.4,D,VIIRS_NOAA20_NRT,1
8.73697,80.79823,343.3,0.38,0.43,2026-08-26,820,N20,VIIRS,n,2.0NRT,296.72,7.13,D,VIIRS_NOAA20_NRT,1
8.69085,80.84747,330.61,0.39,0.44,2026-08-26,820,N20,VIIRS,n,2.0NRT,291.76,1.88,D,VIIRS_NOAA20_NRT,1
8.74527,80.65717,334.43,0.56,0.43,2026-08-26,820,N20,VIIRS,n,2.0NRT,289.07,10.18,D,VIIRS_NOAA20_NRT,1
8.77647,80.87511,343.14,0.39,0.44,2026-08-26,820,N20,VIIRS,n,2.0NRT,294.02,5.23,D,VIIRS_NOAA20_NRT,1
8.7949,81.09161,340.56,0.4,0.44,2026-08-26,820,N20,VIIRS,n,2.0NRT,297.21,2.88,D,VIIRS_NOAA20_NRT,1
8.80649,80.58329,335.29,0.56,0.43,2026-08-26,820,N20,VIIRS,n,2.0NRT,296.0,8.83,D,VIIRS_NOAA20_NRT,1
8.74453,80.65204,334.42,0.56,0.43,2026-08-26,820,N20,VIIRS,n,2.0NRT,295.26,13.98,D,VIIRS_NOAA20_NRT,1
11.17951,78.23668,318.15,1.37,1.16,2026-08-27,1004,Aqua,MODIS,30,6.1NRT,296.1,10.52,D,MODIS_NRT,1
21.74315,83.8423,314.86,1.52,1.22,2026-08-27,1006,Aqua,MODIS,50,6.1NRT,277.11,18.05,D,MODIS_NRT,1
18.53371,74.40224,305.2,1.2,1.09,2026-08-27,1522,Terra,MODIS,63,6.1NRT,290.52,7.22,N,MODIS_NRT,1
18.58396,74.44306,309.16,1.19,1.08,2026-08-27,1522,Terra,MODIS,77,6.1NRT,291.68,10.03,N,MODIS_NRT,1
29.92134,74.95511,303.46,4.5,1.95,2026-08-27,2212,Aqua,MODIS,55,6.1NRT,292.84,34.97,N,MODIS_NRT,1
15.33159,79.23282,316.58,1.0,1.0,2026-08-28,332,Terra,MODIS,59,6.1NRT,299.11,6.62,D,MODIS_NRT,1
15.91515,79.33801,318.43,1.0,1.0,2026-08-28,332,Terra,MODIS,62,6.1NRT,299.97,5.79,D,MODIS_NRT,1
16.02722,79.71971,321.31,1.0,1.0,2026-08-28,332,Terra,MODIS,65,6.1NRT,299.61,8.95,D,MODIS_NRT,1
16.065,79.70681,317.81,1.0,1.0,2026-08-28,332,Terra,MODIS,58,6.1NRT,300.26,5.6,D,MODIS_NRT,1
8.70113,77.97204,319.8,1.0,1.0,2026-08-28,334,Terra,MODIS,72,6.1NRT,300.36,6.27,D,MODIS_NRT,1
12.10217,76.99417,309.2,1.08,1.04,2026-08-28,334,Terra,MODIS,51,6.1NRT,292.99,5.61,D,MODIS_NRT,1
8.94464,78.01625,321.99,1.0,1.0,2026-08-28,334,Terra,MODIS,72,6.1NRT,304.25,7.27,D,MODIS_NRT,1
9.3496,77.55766,321.0,1.01,1.0,2026-08-28,334,Terra,MODIS,70,6.1NRT,303.45,6.5,D,MODIS_NRT,1
10.14434,77.74384,330.28,1.01,1.0,2026-08-28,334,Terra,MODIS,79,6.1NRT,303.05,18.76,D,MODIS_NRT,1
11.24578,78.18089,316.5,1.0,1.0,2026-08-28,334,Terra,MODIS,63,6.1NRT,295.56,5.5,D,MODIS_NRT,1
13.82107,79.2636,321.69,1.0,1.0,2026-08-28,334,Terra,MODIS,59,6.1NRT,297.73,15.31,D,MODIS_NRT,1
22.0128,85.49667,309.31,3.25,1.7,2026-08-28,907,Aqua,MODIS,48,6.1NRT,288.83,22.53,D,MODIS_NRT,1
22.02734,85.49293,309.65,3.25,1.7,2026-08-28,907,Aqua,MODIS,52,6.1NRT,288.95,24.28,D,MODIS_NRT,1
9.38066,77.55781,319.37,1.64,1.26,2026-08-27,1004,Aqua,MODIS,34,6.1NRT,295.85,12.51,D,MODIS_NRT,1
22.36368,91.37724,312.11,1.23,1.1,2026-08-28,907,Aqua,MODIS,53,6.1NRT,293.91,6.69,D,MODIS_NRT,1
9.37137,80.64022,318.66,1.07,1.03,2026-08-27,1004,Aqua,MODIS,58,6.1NRT,299.87,6.65,D,MODIS_NRT,1
12.75397,76.88705,309.63,1.27,1.12,2026-08-26,353,Terra,MODIS,63,6.1NRT,290.77,5.22,D,MODIS_NRT,1
8.53286,80.78808,316.03,1.07,1.03,2026-08-27,1004,Aqua,MODIS,60,6.1NRT,297.36,5.66,D,MODIS_NRT,1
28.63371,87.14172,320.83,1.75,1.3,2026-08-28,909,Aqua,MODIS,80,6.1NRT,302.73,20.07,D,MODIS_NRT,1
8.84099,80.46378,320.45,1.98,1.37,2026-08-24,947,Aqua,MODIS,52,6.1NRT,287.94,35.07,D,MODIS_NRT,1
8.43192,80.25041,307.69,1.43,1.18,2026-08-24,1501,Terra,MODIS,70,6.1NRT,284.6,10.98,N,MODIS_NRT,1
29.2909,88.86868,309.15,1.05,1.02,2026-08-25,310,Terra,MODIS,50,6.1NRT,291.71,5.2,D,MODIS_NRT,1
18.57152,72.2374,311.54,1.13,1.06,2026-08-25,1028,Aqua,MODIS,49,6.1NRT,294.49,6.71,D,MODIS_NRT,1
31.74129,72.21106,324.13,1.02,1.01,2026-08-25,1032,Aqua,MODIS,61,6.1NRT,305.42,11.35,D,MODIS_NRT,1
31.74274,72.22147,320.07,1.02,1.01,2026-08-25,1032,Aqua,MODIS,39,6.1NRT,304.66,7.45,D,MODIS_NRT,1
25.94186,72.1828,309.57,1.08,1.04,2026-08-25,1544,Terra,MODIS,71,6.1NRT,297.86,5.22,N,MODIS_NRT,1
8.60111,80.3784,315.77,1.12,1.05,2026-08-27,1004,Aqua,MODIS,49,6.1NRT,297.09,6.2,D,MODIS_NRT,1
20.95059,86.05023,307.47,1.0,1.0,2026-08-26,1444,Terra,MODIS,59,6.1NRT,293.62,4.14,N,MODIS_NRT,1
20.96287,86.01005,307.72,1.0,1.0,2026-08-26,1444,Terra,MODIS,57,6.1NRT,293.5,4.14,N,MODIS_NRT,1
20.96456,85.18073,310.58,1.04,1.02,2026-08-26,1444,Terra,MODIS,79,6.1NRT,293.65,6.52,N,MODIS_NRT,1
20.96594,85.19036,309.52,1.04,1.02,2026-08-26,1444,Terra,MODIS,76,6.1NRT,293.26,6.02,N,MODIS_NRT,1
20.97398,85.17289,313.08,1.04,1.02,2026-08-26,1444,Terra,MODIS,86,6.1NRT,293.4,8.78,N,MODIS_NRT,1
29.65053,76.97887,303.85,1.75,1.3,2026-08-26,2312,Aqua,MODIS,57,6.1NRT,289.32,8.3,N,MODIS_NRT,1
32.23024,70.89925,318.3,1.12,1.05,2026-08-27,427,Terra,MODIS,40,6.1NRT,302.5,6.21,D,MODIS_NRT,1
8.27984,81.00748,318.85,1.06,1.03,2026-08-27,1004,Aqua,MODIS,71,6.1NRT,299.66,9.04,D,MODIS_NRT,1
8.89478,77.84936,323.55,1.76,1.3,2026-08-28,1043,Aqua,MODIS,73,6.1NRT,301.87,18.54,D,MODIS_NRT,1
